"supplier","region","province","site_name","site_id","province_id","location_id","ccpero","red_id","orden_id","longitude","latitude","utm_easting","utm_northing","s2cell_18","node_name","root_element","cell_name","egnodeb_rnc_id","bsc_rnc","mcc","mnc","lac_tac","ci","bsic_sc_pci","dl_arfcn","tch_list","azimuth","beamwidth","transmit_power","antenna_model","dw_mechanical","dw_electrical","height","is_active","band","is_indoor","is_small_cell","sector_type","town","sector_id","tech_id","cgi_tech","pilot_power","dl_bwidth","registration_date","mo_ref","mo_ref_keys","dl_arfcn_ssb"
"ericsson","GRCatalunya","BARCELONA","ATW-V 40704 VIA JULIA","802629","8","2629","","","","2.1793041","41.443672","932727","4600975","12a4bd192d","MSR_B_VIA_JULIA_01","","VIA_JULIA_0802629640102","80239","","214","7","8662","14002","311","","","180","65","45.8","ASI4518R39v06_2100_7","0","6","21.8","1","2100","0","0","IOT800-G900-U900-U2100-L800-L900-L1800-L2100-L2600-N700-N2100-N3500","BARCELONA","8026292","5","13146497785","","10000","2025-03-20T09:07:45.482507Z","","",""
"ericsson","GRCatalunya","BARCELONA","TURÓ PUTGET","801497","8","1497","","","","2.1466446","41.40551","930250","4596573","12a4a2a0c5","MSR_B_TURO_PUTGET_01","","TURO_PUTGET_0801497640102","80160","","214","7","8662","14002","50","","","135","59","47.4","4B+3X26_COMMSCOPE_60_6_17_1800","4","6","33.97","1","2100","0","0","IOT800-G900-U900-U2100-L800-L900-L1800-L2100-N700-N2100-N3500","BARCELONA","8014972","5","13133554425","","10000","2025-03-20T09:07:45.482507Z","","",""
"ericsson","GRCatalunya","BARCELONA","TURÓ PUTGET","801497","8","1497","","","","2.1466446","41.40551","930250","4596573","12a4a2a0c5","MSR_B_TURO_PUTGET_01","","TURO_PUTGET_0801497640103","80160","","214","7","8662","14003","780","","","210","59","47.4","4B+3X26_COMMSCOPE_60_2_17_1800","4","2","33.97","1","2100","0","0","IOT800-G900-U900-U2100-L800-L900-L1800-L2100-N700-N2100-N3500","BARCELONA","8014973","5","13133554435","","10000","2025-03-20T09:07:45.482507Z","","",""
"ericsson","GRCatalunya","BARCELONA","TURÓ PUTGET","801497","8","1497","","","","2.1466446","41.40551","930250","4596573","12a4a2a0c5","MSR_B_TURO_PUTGET_01","","TURO_PUTGET_0801497640101","80160","","214","7","8662","14001","745","","","310","59","47.4","DEFECTO","4","0","33.97","1","2100","0","0","IOT800-G900-U900-U2100-L800-L900-L1800-L2100-N700-N2100-N3500","BARCELONA","8014971","5","13133554415","","10000","2025-03-20T09:07:45.482507Z","","",""
"ericsson","GRCatalunya","BARCELONA","ATW-V 40704 VIA JULIA","802629","8","2629","","","","2.1793041","41.443672","932727","4600975","12a4bd192d","MSR_B_VIA_JULIA_01","","VIA_JULIA_0802629640101","80239","","214","7","8662","14001","309","","","70","65","45.8","ASI4518R39v06_2100_7","0","6","21.8","1","2100","0","0","IOT800-G900-U900-U2100-L800-L900-L1800-L2100-L2600-N700-N2100-N3500","BARCELONA","8026291","5","13146497775","","10000","2025-03-20T09:07:45.482507Z","","",""
"ericsson","GRCatalunya","BARCELONA","ATW-T2 45442 GRACIA/PLAÇA NORD","800486","8","486","8 486 60 1","60","1","2.1558313","41.4057","931017","4596640","12a4a2bca3","MSR_B_GRACIA_PLACA_NORD_EB_01","MSR_B_GRACIA_PLACA_NORD_EB_01","GRACIA_PLACA_NORD_EB_0800486600101","80338","","214","7","8662","1001","864","156600","","0","70","45.8","","0","9","5.4","0","700","0","0","IOT800-G900-L800-L900-L1800-L2100-L2600-N700-N2100-N3500","BARCELONA","8004861","5","13162587935","","10000","2025-04-02T08:08:16.012851Z","SubNetwork=Barcelona,SubNetwork=MSR_Barcelona,MeContext=MSR_B_GRACIA_PLACA_NORD_EB_01,ManagedElement=MSR_B_GRACIA_PLACA_NORD_EB_01,GNBDUFunction=1,NRCellDU=GRACIA_PLACA_NORD_EB_0800486600101","SubNetwork/SubNetwork/MeContext/ManagedElement/GNBDUFunction/NRCellDU","156510"
"ericsson","GRCatalunya","BARCELONA","ATW-T2 45442 GRACIA/PLAÇA NORD","800486","8","486","8 486 60 1","60","1","2.1558313","41.4057","931017","4596640","12a4a2bca3","MSR_B_GRACIA_PLACA_NORD_EB_01","MSR_B_GRACIA_PLACA_NORD_EB_01","GRACIA_PLACA_NORD_EB_0800486600102","80338","","214","7","8662","1002","655","156600","","120","70","45.8","","0","10","5.4","0","700","0","0","IOT800-G900-L800-L900-L1800-L2100-L2600-N700-N2100-N3500","BARCELONA","8004862","5","13162587945","","10000","2025-04-02T08:08:16.012851Z","SubNetwork=Barcelona,SubNetwork=MSR_Barcelona,MeContext=MSR_B_GRACIA_PLACA_NORD_EB_01,ManagedElement=MSR_B_GRACIA_PLACA_NORD_EB_01,GNBDUFunction=1,NRCellDU=GRACIA_PLACA_NORD_EB_0800486600102","SubNetwork/SubNetwork/MeContext/ManagedElement/GNBDUFunction/NRCellDU","156510"
"ericsson","GRCatalunya","BARCELONA","ATW-T2 45442 GRACIA/PLAÇA NORD","800486","8","486","8 486 60 1","60","1","2.1558313","41.4057","931017","4596640","12a4a2bca3","MSR_B_GRACIA_PLACA_NORD_EB_01","MSR_B_GRACIA_PLACA_NORD_EB_01","GRACIA_PLACA_NORD_EB_0800486600103","80338","","214","7","8662","1003","266","156600","","240","70","45.8","","0","7","5.4","0","700","0","0","IOT800-G900-L800-L900-L1800-L2100-L2600-N700-N2100-N3500","BARCELONA","8004863","5","13162587955","","10000","2025-04-02T08:08:16.012851Z","SubNetwork=Barcelona,SubNetwork=MSR_Barcelona,MeContext=MSR_B_GRACIA_PLACA_NORD_EB_01,ManagedElement=MSR_B_GRACIA_PLACA_NORD_EB_01,GNBDUFunction=1,NRCellDU=GRACIA_PLACA_NORD_EB_0800486600103","SubNetwork/SubNetwork/MeContext/ManagedElement/GNBDUFunction/NRCellDU","156510"
"ericsson","GRCatalunya","BARCELONA","ATW-T2 45442 GRACIA/PLAÇA NORD","800486","8","486","8 486 64 1","64","1","2.1558313","41.4057","931017","4596640","12a4a2bca3","MSR_B_GRACIA_PLACA_NORD_EB_01","MSR_B_GRACIA_PLACA_NORD_EB_01","GRACIA_PLACA_NORD_EB_0800486640101","80338","","214","7","8660","14001","777","433000","","0","65","48.8","ASI4518R39v06_2100_7","0","6","28.35","1","2100","0","0","IOT800-G900-L800-L900-L1800-L2100-L2600-N700-N2100-N3500","BARCELONA","8004861","5","13162717935","","10000","2025-04-02T08:08:16.012851Z","SubNetwork=Barcelona,SubNetwork=MSR_Barcelona,MeContext=MSR_B_GRACIA_PLACA_NORD_EB_01,ManagedElement=MSR_B_GRACIA_PLACA_NORD_EB_01,GNBDUFunction=1,NRCellDU=GRACIA_PLACA_NORD_EB_0800486640101","SubNetwork/SubNetwork/MeContext/ManagedElement/GNBDUFunction/NRCellDU","433450"
"ericsson","GRCatalunya","BARCELONA","ATW-T2 45442 GRACIA/PLAÇA NORD","800486","8","486","8 486 64 1","64","1","2.1558313","41.4057","931017","4596640","12a4a2bca3","MSR_B_GRACIA_PLACA_NORD_EB_01","MSR_B_GRACIA_PLACA_NORD_EB_01","GRACIA_PLACA_NORD_EB_0800486640102","80338","","214","7","8660","14002","527","433000","","120","65","48.8","ASI4518R39v06_2100_12","0","10","28.35","1","2100","0","0","IOT800-G900-L800-L900-L1800-L2100-L2600-N700-N2100-N3500","BARCELONA","8004862","5","13162717945","","10000","2025-04-02T08:08:16.012851Z","SubNetwork=Barcelona,SubNetwork=MSR_Barcelona,MeContext=MSR_B_GRACIA_PLACA_NORD_EB_01,ManagedElement=MSR_B_GRACIA_PLACA_NORD_EB_01,GNBDUFunction=1,NRCellDU=GRACIA_PLACA_NORD_EB_0800486640102","SubNetwork/SubNetwork/MeContext/ManagedElement/GNBDUFunction/NRCellDU","433450"
"ericsson","GRCatalunya","BARCELONA","ATW-T2 45442 GRACIA/PLAÇA NORD","800486","8","486","8 486 64 1","64","1","2.1558313","41.4057","931017","4596640","12a4a2bca3","MSR_B_GRACIA_PLACA_NORD_EB_01","MSR_B_GRACIA_PLACA_NORD_EB_01","GRACIA_PLACA_NORD_EB_0800486640103","80338","","214","7","8660","14003","634","433000","","240","65","48.8","ASI4518R39v06_2100_7","0","6","28.35","1","2100","0","0","IOT800-G900-L800-L900-L1800-L2100-L2600-N700-N2100-N3500","BARCELONA","8004863","5","13162717955","","10000","2025-04-02T08:08:16.012851Z","SubNetwork=Barcelona,SubNetwork=MSR_Barcelona,MeContext=MSR_B_GRACIA_PLACA_NORD_EB_01,ManagedElement=MSR_B_GRACIA_PLACA_NORD_EB_01,GNBDUFunction=1,NRCellDU=GRACIA_PLACA_NORD_EB_0800486640103","SubNetwork/SubNetwork/MeContext/ManagedElement/GNBDUFunction/NRCellDU","433450"
"ericsson","GRCatalunya","BARCELONA","ATW-T2 45442 GRACIA/PLAÇA NORD","800486","8","486","8 486 68 1","68","1","2.1558313","41.4057","931017","4596640","12a4a2bca3","MSR_B_GRACIA_PLACA_NORD_EB_01","MSR_B_GRACIA_PLACA_NORD_EB_01","GRACIA_PLACA_NORD_EB_0800486680101","80338","","214","7","8662","1","345","636666","","0","65","53.0","","0","5.9","7.0","0","3500","0","0","IOT800-G900-L800-L900-L1800-L2100-L2600-N700-N2100-N3500","BARCELONA","8004861","5","13162577935","","100000","2025-04-02T08:08:16.012851Z","SubNetwork=Barcelona,SubNetwork=MSR_Barcelona,MeContext=MSR_B_GRACIA_PLACA_NORD_EB_01,ManagedElement=MSR_B_GRACIA_PLACA_NORD_EB_01,GNBDUFunction=1,NRCellDU=GRACIA_PLACA_NORD_EB_0800486680101","SubNetwork/SubNetwork/MeContext/ManagedElement/GNBDUFunction/NRCellDU","636576"
"ericsson","GRCatalunya","BARCELONA","ATW-T2 45442 GRACIA/PLAÇA NORD","800486","8","486","8 486 68 1","68","1","2.1558313","41.4057","931017","4596640","12a4a2bca3","MSR_B_GRACIA_PLACA_NORD_EB_01","MSR_B_GRACIA_PLACA_NORD_EB_01","GRACIA_PLACA_NORD_EB_0800486680102","80338","","214","7","8662","2","475","636666","","120","65","53.0","","0","8","7.0","0","3500","0","0","IOT800-G900-L800-L900-L1800-L2100-L2600-N700-N2100-N3500","BARCELONA","8004862","5","13162577945","","100000","2025-04-02T08:08:16.012851Z","SubNetwork=Barcelona,SubNetwork=MSR_Barcelona,MeContext=MSR_B_GRACIA_PLACA_NORD_EB_01,ManagedElement=MSR_B_GRACIA_PLACA_NORD_EB_01,GNBDUFunction=1,NRCellDU=GRACIA_PLACA_NORD_EB_0800486680102","SubNetwork/SubNetwork/MeContext/ManagedElement/GNBDUFunction/NRCellDU","636576"
"ericsson","GRCatalunya","BARCELONA","ATW-T2 45442 GRACIA/PLAÇA NORD","800486","8","486","8 486 68 1","68","1","2.1558313","41.4057","931017","4596640","12a4a2bca3","MSR_B_GRACIA_PLACA_NORD_EB_01","MSR_B_GRACIA_PLACA_NORD_EB_01","GRACIA_PLACA_NORD_EB_0800486680103","80338","","214","7","8662","3","302","636666","","240","65","53.0","","0","4.9","7.0","0","3500","0","0","IOT800-G900-L800-L900-L1800-L2100-L2600-N700-N2100-N3500","BARCELONA","8004863","5","13162577955","","100000","2025-04-02T08:08:16.012851Z","SubNetwork=Barcelona,SubNetwork=MSR_Barcelona,MeContext=MSR_B_GRACIA_PLACA_NORD_EB_01,ManagedElement=MSR_B_GRACIA_PLACA_NORD_EB_01,GNBDUFunction=1,NRCellDU=GRACIA_PLACA_NORD_EB_0800486680103","SubNetwork/SubNetwork/MeContext/ManagedElement/GNBDUFunction/NRCellDU","636576"
"ericsson","GRCatalunya","BARCELONA","PLAÇA TETUAN EB","800488","8","488","8 488 60 1","60","1","2.1749458","41.394047","932693","4595441","12a4a2e58f","MSR_B_PLACA_TETUAN_EB_01","MSR_B_PLACA_TETUAN_EB_01","PLACA_TETUAN_EB_0800488600101","80340","","214","7","8642","1001","851","156600","","0","70","45.8","","0","10","5.9","1","700","0","0","IOT800-G900-U900-U2100-L800-L900-L1800-L2100-L2600-N700-N2100-N3500","BARCELONA","8004881","5","13162915615","","10000","2025-04-02T08:08:16.012851Z","SubNetwork=Barcelona,SubNetwork=MSR_Barcelona,MeContext=MSR_B_PLACA_TETUAN_EB_01,ManagedElement=MSR_B_PLACA_TETUAN_EB_01,GNBDUFunction=1,NRCellDU=PLACA_TETUAN_EB_0800488600101","SubNetwork/SubNetwork/MeContext/ManagedElement/GNBDUFunction/NRCellDU","156510"
"ericsson","GRCatalunya","BARCELONA","PLAÇA TETUAN EB","800488","8","488","8 488 60 1","60","1","2.1749458","41.394047","932693","4595441","12a4a2e58f","MSR_B_PLACA_TETUAN_EB_01","MSR_B_PLACA_TETUAN_EB_01","PLACA_TETUAN_EB_0800488600102","80340","","214","7","8642","1002","850","156600","","150","70","45.8","","0","5","5.9","1","700","0","0","IOT800-G900-U900-U2100-L800-L900-L1800-L2100-L2600-N700-N2100-N3500","BARCELONA","8004882","5","13162915625","","10000","2025-04-02T08:08:16.012851Z","SubNetwork=Barcelona,SubNetwork=MSR_Barcelona,MeContext=MSR_B_PLACA_TETUAN_EB_01,ManagedElement=MSR_B_PLACA_TETUAN_EB_01,GNBDUFunction=1,NRCellDU=PLACA_TETUAN_EB_0800488600102","SubNetwork/SubNetwork/MeContext/ManagedElement/GNBDUFunction/NRCellDU","156510"
"ericsson","GRCatalunya","BARCELONA","PLAÇA TETUAN EB","800488","8","488","8 488 60 1","60","1","2.1749458","41.394047","932693","4595441","12a4a2e58f","MSR_B_PLACA_TETUAN_EB_01","MSR_B_PLACA_TETUAN_EB_01","PLACA_TETUAN_EB_0800488600103","80340","","214","7","8642","1003","849","156600","","250","70","45.8","","0","10","5.9","1","700","0","0","IOT800-G900-U900-U2100-L800-L900-L1800-L2100-L2600-N700-N2100-N3500","BARCELONA","8004883","5","13162915635","","10000","2025-04-02T08:08:16.012851Z","SubNetwork=Barcelona,SubNetwork=MSR_Barcelona,MeContext=MSR_B_PLACA_TETUAN_EB_01,ManagedElement=MSR_B_PLACA_TETUAN_EB_01,GNBDUFunction=1,NRCellDU=PLACA_TETUAN_EB_0800488600103","SubNetwork/SubNetwork/MeContext/ManagedElement/GNBDUFunction/NRCellDU","156510"
"ericsson","GRCatalunya","BARCELONA","PLAÇA TETUAN EB","800488","8","488","8 488 64 1","64","1","2.1749458","41.394047","932693","4595441","12a4a2e58f","MSR_B_PLACA_TETUAN_EB_01","MSR_B_PLACA_TETUAN_EB_01","PLACA_TETUAN_EB_0800488640101","80340","","214","7","8642","14001","133","433000","","0","64","45.8","6878300G_2100_5","0","4","34.96","1","2100","0","0","IOT800-G900-U900-U2100-L800-L900-L1800-L2100-L2600-N700-N2100-N3500","BARCELONA","8004881","5","13163045615","","10000","2025-04-02T08:08:16.012851Z","SubNetwork=Barcelona,SubNetwork=MSR_Barcelona,MeContext=MSR_B_PLACA_TETUAN_EB_01,ManagedElement=MSR_B_PLACA_TETUAN_EB_01,GNBDUFunction=1,NRCellDU=PLACA_TETUAN_EB_0800488640101","SubNetwork/SubNetwork/MeContext/ManagedElement/GNBDUFunction/NRCellDU","433450"
"ericsson","GRCatalunya","BARCELONA","PLAÇA TETUAN EB","800488","8","488","8 488 64 1","64","1","2.1749458","41.394047","932693","4595441","12a4a2e58f","MSR_B_PLACA_TETUAN_EB_01","MSR_B_PLACA_TETUAN_EB_01","PLACA_TETUAN_EB_0800488640102","80340","","214","7","8642","14002","134","433000","","150","64","45.8","6878300G_2100_5","0","7","34.96","1","2100","0","0","IOT800-G900-U900-U2100-L800-L900-L1800-L2100-L2600-N700-N2100-N3500","BARCELONA","8004882","5","13163045625","","10000","2025-04-02T08:08:16.012851Z","SubNetwork=Barcelona,SubNetwork=MSR_Barcelona,MeContext=MSR_B_PLACA_TETUAN_EB_01,ManagedElement=MSR_B_PLACA_TETUAN_EB_01,GNBDUFunction=1,NRCellDU=PLACA_TETUAN_EB_0800488640102","SubNetwork/SubNetwork/MeContext/ManagedElement/GNBDUFunction/NRCellDU","433450"
"ericsson","GRCatalunya","BARCELONA","PLAÇA TETUAN EB","800488","8","488","8 488 64 1","64","1","2.1749458","41.394047","932693","4595441","12a4a2e58f","MSR_B_PLACA_TETUAN_EB_01","MSR_B_PLACA_TETUAN_EB_01","PLACA_TETUAN_EB_0800488640103","80340","","214","7","8642","14003","132","433000","","250","64","45.8","6878300G_2100_5","0","8","34.96","1","2100","0","0","IOT800-G900-U900-U2100-L800-L900-L1800-L2100-L2600-N700-N2100-N3500","BARCELONA","8004883","5","13163045635","","10000","2025-04-02T08:08:16.012851Z","SubNetwork=Barcelona,SubNetwork=MSR_Barcelona,MeContext=MSR_B_PLACA_TETUAN_EB_01,ManagedElement=MSR_B_PLACA_TETUAN_EB_01,GNBDUFunction=1,NRCellDU=PLACA_TETUAN_EB_0800488640103","SubNetwork/SubNetwork/MeContext/ManagedElement/GNBDUFunction/NRCellDU","433450"
"ericsson","GRCatalunya","BARCELONA","PLAÇA TETUAN EB","800488","8","488","8 488 68 1","68","1","2.1749458","41.394047","932693","4595441","12a4a2e58f","MSR_B_PLACA_TETUAN_EB_01","MSR_B_PLACA_TETUAN_EB_01","PLACA_TETUAN_EB_0800488680101","80340","","214","7","8642","1","746","636666","","0","65","53.0","","0","5","6.6","1","3500","0","0","IOT800-G900-U900-U2100-L800-L900-L1800-L2100-L2600-N700-N2100-N3500","BARCELONA","8004881","5","13162905615","","100000","2025-04-02T08:08:16.012851Z","SubNetwork=Barcelona,SubNetwork=MSR_Barcelona,MeContext=MSR_B_PLACA_TETUAN_EB_01,ManagedElement=MSR_B_PLACA_TETUAN_EB_01,GNBDUFunction=1,NRCellDU=PLACA_TETUAN_EB_0800488680101","SubNetwork/SubNetwork/MeContext/ManagedElement/GNBDUFunction/NRCellDU","636576"
"ericsson","GRCatalunya","BARCELONA","PLAÇA TETUAN EB","800488","8","488","8 488 68 1","68","1","2.1749458","41.394047","932693","4595441","12a4a2e58f","MSR_B_PLACA_TETUAN_EB_01","MSR_B_PLACA_TETUAN_EB_01","PLACA_TETUAN_EB_0800488680102","80340","","214","7","8642","2","436","636666","","150","65","53.0","","0","8","6.6","1","3500","0","0","IOT800-G900-U900-U2100-L800-L900-L1800-L2100-L2600-N700-N2100-N3500","BARCELONA","8004882","5","13162905625","","100000","2025-04-02T08:08:16.012851Z","SubNetwork=Barcelona,SubNetwork=MSR_Barcelona,MeContext=MSR_B_PLACA_TETUAN_EB_01,ManagedElement=MSR_B_PLACA_TETUAN_EB_01,GNBDUFunction=1,NRCellDU=PLACA_TETUAN_EB_0800488680102","SubNetwork/SubNetwork/MeContext/ManagedElement/GNBDUFunction/NRCellDU","636576"
"ericsson","GRCatalunya","BARCELONA","PLAÇA TETUAN EB","800488","8","488","8 488 68 1","68","1","2.1749458","41.394047","932693","4595441","12a4a2e58f","MSR_B_PLACA_TETUAN_EB_01","MSR_B_PLACA_TETUAN_EB_01","PLACA_TETUAN_EB_0800488680103","80340","","214","7","8642","3","411","636666","","250","65","53.0","","0","8","6.6","1","3500","0","0","IOT800-G900-U900-U2100-L800-L900-L1800-L2100-L2600-N700-N2100-N3500","BARCELONA","8004883","5","13162905635","","100000","2025-04-02T08:08:16.012851Z","SubNetwork=Barcelona,SubNetwork=MSR_Barcelona,MeContext=MSR_B_PLACA_TETUAN_EB_01,ManagedElement=MSR_B_PLACA_TETUAN_EB_01,GNBDUFunction=1,NRCellDU=PLACA_TETUAN_EB_0800488680103","SubNetwork/SubNetwork/MeContext/ManagedElement/GNBDUFunction/NRCellDU","636576"
"ericsson","GRCatalunya","BARCELONA","TURÓ PUTGET","801497","8","1497","8 1497 60 1","60","1","2.1466446","41.40551","930250","4596573","12a4a2a0c5","MSR_B_TURO_PUTGET_01","MSR_B_TURO_PUTGET_01","TURO_PUTGET_0801497600101","80160","","214","7","8662","1001","840","156600","","70","70","45.8","","0","0","5.8","1","700","0","0","IOT800-G900-U900-U2100-L800-L900-L1800-L2100-N700-N3500","BARCELONA","8014971","5","13133424415","","10000","2025-04-02T08:08:16.012851Z","SubNetwork=Barcelona,SubNetwork=MSR_Barcelona,MeContext=MSR_B_TURO_PUTGET_01,ManagedElement=MSR_B_TURO_PUTGET_01,GNBDUFunction=1,NRCellDU=TURO_PUTGET_0801497600101","SubNetwork/SubNetwork/MeContext/ManagedElement/GNBDUFunction/NRCellDU","156510"
"ericsson","GRCatalunya","BARCELONA","TURÓ PUTGET","801497","8","1497","8 1497 60 1","60","1","2.1466446","41.40551","930250","4596573","12a4a2a0c5","MSR_B_TURO_PUTGET_01","MSR_B_TURO_PUTGET_01","TURO_PUTGET_0801497600102","80160","","214","7","8662","1002","869","156600","","180","70","45.8","","0","6","5.8","1","700","0","0","IOT800-G900-U900-U2100-L800-L900-L1800-L2100-N700-N3500","BARCELONA","8014972","5","13133424425","","10000","2025-04-02T08:08:16.012851Z","SubNetwork=Barcelona,SubNetwork=MSR_Barcelona,MeContext=MSR_B_TURO_PUTGET_01,ManagedElement=MSR_B_TURO_PUTGET_01,GNBDUFunction=1,NRCellDU=TURO_PUTGET_0801497600102","SubNetwork/SubNetwork/MeContext/ManagedElement/GNBDUFunction/NRCellDU","156510"
"ericsson","GRCatalunya","BARCELONA","TURÓ PUTGET","801497","8","1497","8 1497 60 1","60","1","2.1466446","41.40551","930250","4596573","12a4a2a0c5","MSR_B_TURO_PUTGET_01","MSR_B_TURO_PUTGET_01","TURO_PUTGET_0801497600103","80160","","214","7","8662","1003","846","156600","","290","70","45.8","","0","0","5.8","1","700","0","0","IOT800-G900-U900-U2100-L800-L900-L1800-L2100-N700-N3500","BARCELONA","8014973","5","13133424435","","10000","2025-04-02T08:08:16.012851Z","SubNetwork=Barcelona,SubNetwork=MSR_Barcelona,MeContext=MSR_B_TURO_PUTGET_01,ManagedElement=MSR_B_TURO_PUTGET_01,GNBDUFunction=1,NRCellDU=TURO_PUTGET_0801497600103","SubNetwork/SubNetwork/MeContext/ManagedElement/GNBDUFunction/NRCellDU","156510"
"ericsson","GRCatalunya","BARCELONA","TURÓ PUTGET","801497","8","1497","8 1497 68 1","68","1","2.1466446","41.40551","930250","4596573","12a4a2a0c5","MSR_B_TURO_PUTGET_01","MSR_B_TURO_PUTGET_01","TURO_PUTGET_0801497680101","80160","","214","7","8662","1","38","636666","","70","65","53.0","","0","-1","7.4","1","3500","0","0","IOT800-G900-U900-U2100-L800-L900-L1800-L2100-N700-N3500","BARCELONA","8014971","5","13133414415","","100000","2025-04-02T08:08:16.012851Z","SubNetwork=Barcelona,SubNetwork=MSR_Barcelona,MeContext=MSR_B_TURO_PUTGET_01,ManagedElement=MSR_B_TURO_PUTGET_01,GNBDUFunction=1,NRCellDU=TURO_PUTGET_0801497680101","SubNetwork/SubNetwork/MeContext/ManagedElement/GNBDUFunction/NRCellDU","636576"
"ericsson","GRCatalunya","BARCELONA","TURÓ PUTGET","801497","8","1497","8 1497 68 1","68","1","2.1466446","41.40551","930250","4596573","12a4a2a0c5","MSR_B_TURO_PUTGET_01","MSR_B_TURO_PUTGET_01","TURO_PUTGET_0801497680102","80160","","214","7","8662","2","585","636666","","180","65","53.0","","0","4.4","7.4","1","3500","0","0","IOT800-G900-U900-U2100-L800-L900-L1800-L2100-N700-N3500","BARCELONA","8014972","5","13133414425","","100000","2025-04-02T08:08:16.012851Z","SubNetwork=Barcelona,SubNetwork=MSR_Barcelona,MeContext=MSR_B_TURO_PUTGET_01,ManagedElement=MSR_B_TURO_PUTGET_01,GNBDUFunction=1,NRCellDU=TURO_PUTGET_0801497680102","SubNetwork/SubNetwork/MeContext/ManagedElement/GNBDUFunction/NRCellDU","636576"
"ericsson","GRCatalunya","BARCELONA","TURÓ PUTGET","801497","8","1497","8 1497 68 1","68","1","2.1466446","41.40551","930250","4596573","12a4a2a0c5","MSR_B_TURO_PUTGET_01","MSR_B_TURO_PUTGET_01","TURO_PUTGET_0801497680103","80160","","214","7","8662","3","31","636666","","290","65","53.0","","0","0.1","7.4","1","3500","0","0","IOT800-G900-U900-U2100-L800-L900-L1800-L2100-N700-N3500","BARCELONA","8014973","5","13133414435","","100000","2025-04-02T08:08:16.012851Z","SubNetwork=Barcelona,SubNetwork=MSR_Barcelona,MeContext=MSR_B_TURO_PUTGET_01,ManagedElement=MSR_B_TURO_PUTGET_01,GNBDUFunction=1,NRCellDU=TURO_PUTGET_0801497680103","SubNetwork/SubNetwork/MeContext/ManagedElement/GNBDUFunction/NRCellDU","636576"
"ericsson","GRCatalunya","BARCELONA","ATW-V 40704 VIA JULIA","802629","8","2629","8 2629 60 1","60","1","2.1793041","41.443672","932727","4600975","12a4bd192d","MSR_B_VIA_JULIA_01","MSR_B_VIA_JULIA_01","VIA_JULIA_0802629600101","80239","","214","7","8662","1001","844","156600","","70","70","45.8","","0","10","2.36","0","700","0","0","IOT800-G900-U900-U2100-L800-L900-L1800-L2100-L2600-N700-N3500","BARCELONA","8026291","5","13146367775","","10000","2025-04-02T08:08:16.012851Z","SubNetwork=Barcelona,SubNetwork=MSR_Barcelona,MeContext=MSR_B_VIA_JULIA_01,ManagedElement=MSR_B_VIA_JULIA_01,GNBDUFunction=1,NRCellDU=VIA_JULIA_0802629600101","SubNetwork/SubNetwork/MeContext/ManagedElement/GNBDUFunction/NRCellDU","156510"
"ericsson","GRCatalunya","BARCELONA","ATW-V 40704 VIA JULIA","802629","8","2629","8 2629 60 1","60","1","2.1793041","41.443672","932727","4600975","12a4bd192d","MSR_B_VIA_JULIA_01","MSR_B_VIA_JULIA_01","VIA_JULIA_0802629600102","80239","","214","7","8662","1002","881","156600","","180","70","45.8","","0","5","2.36","0","700","0","0","IOT800-G900-U900-U2100-L800-L900-L1800-L2100-L2600-N700-N3500","BARCELONA","8026292","5","13146367785","","10000","2025-04-02T08:08:16.012851Z","SubNetwork=Barcelona,SubNetwork=MSR_Barcelona,MeContext=MSR_B_VIA_JULIA_01,ManagedElement=MSR_B_VIA_JULIA_01,GNBDUFunction=1,NRCellDU=VIA_JULIA_0802629600102","SubNetwork/SubNetwork/MeContext/ManagedElement/GNBDUFunction/NRCellDU","156510"
"ericsson","GRCatalunya","BARCELONA","ATW-V 40704 VIA JULIA","802629","8","2629","8 2629 68 1","68","1","2.1793041","41.443672","932727","4600975","12a4bd192d","MSR_B_VIA_JULIA_01","MSR_B_VIA_JULIA_01","VIA_JULIA_0802629680101","80239","","214","7","8662","1","10","636666","","70","65","53.0","","0","2.8","3.95","1","3500","0","0","IOT800-G900-U900-U2100-L800-L900-L1800-L2100-L2600-N700-N3500","BARCELONA","8026291","5","13146357775","","100000","2025-04-02T08:08:16.012851Z","SubNetwork=Barcelona,SubNetwork=MSR_Barcelona,MeContext=MSR_B_VIA_JULIA_01,ManagedElement=MSR_B_VIA_JULIA_01,GNBDUFunction=1,NRCellDU=VIA_JULIA_0802629680101","SubNetwork/SubNetwork/MeContext/ManagedElement/GNBDUFunction/NRCellDU","636576"
"ericsson","GRCatalunya","BARCELONA","ATW-V 40704 VIA JULIA","802629","8","2629","8 2629 68 1","68","1","2.1793041","41.443672","932727","4600975","12a4bd192d","MSR_B_VIA_JULIA_01","MSR_B_VIA_JULIA_01","VIA_JULIA_0802629680102","80239","","214","7","8662","2","485","636666","","180","65","53.0","","0","2.8","3.95","1","3500","0","0","IOT800-G900-U900-U2100-L800-L900-L1800-L2100-L2600-N700-N3500","BARCELONA","8026292","5","13146357785","","100000","2025-04-02T08:08:16.012851Z","SubNetwork=Barcelona,SubNetwork=MSR_Barcelona,MeContext=MSR_B_VIA_JULIA_01,ManagedElement=MSR_B_VIA_JULIA_01,GNBDUFunction=1,NRCellDU=VIA_JULIA_0802629680102","SubNetwork/SubNetwork/MeContext/ManagedElement/GNBDUFunction/NRCellDU","636576"
"ericsson","GRCatalunya","BARCELONA","ATW-T2 45442 GRACIA/PLAÇA NORD","800486","8","486","8 486 40 1","40","1","2.1558313","41.4057","931017","4596640","12a4a2bca3","MSR_B_GRACIA_PLACA_NORD_EB_01","MSR_B_GRACIA_PLACA_NORD_EB_01","GRACIA_PLACA_NORD_EB_080048601_011","80021","","214","7","8662","11","332","6400","","0","68","45.8","ASI4518R39v06_800_10","0","10","28.35","1","800","0","","IOT800-G900-L800-L900-L1800-L2100-L2600-N700-N2100-N3500","BARCELONA","8004861","4","204853874","15.0185","10000","2025-04-02T08:08:16.012851Z","SubNetwork=Barcelona,SubNetwork=MSR_Barcelona,MeContext=MSR_B_GRACIA_PLACA_NORD_EB_01,ManagedElement=MSR_B_GRACIA_PLACA_NORD_EB_01,ENodeBFunction=1,EUtranCellFDD=GRACIA_PLACA_NORD_EB_080048601_011","SubNetwork/SubNetwork/MeContext/ManagedElement/ENodeBFunction/EUtranCellFDD",""
"ericsson","GRCatalunya","BARCELONA","ATW-T2 45442 GRACIA/PLAÇA NORD","800486","8","486","8 486 42 1","42","1","2.1558313","41.4057","931017","4596640","12a4a2bca3","MSR_B_GRACIA_PLACA_NORD_EB_01","MSR_B_GRACIA_PLACA_NORD_EB_01","GRACIA_PLACA_NORD_EB_080048601_012","80021","","214","7","8662","12","87","2850","","0","58","51.8","ASI4518R39v06_2600_7","0","6","28.35","1","2600","0","","IOT800-G900-L800-L900-L1800-L2100-L2600-N700-N2100-N3500","BARCELONA","8004861","4","204853884","18.0082","20000","2025-04-02T08:08:16.012851Z","SubNetwork=Barcelona,SubNetwork=MSR_Barcelona,MeContext=MSR_B_GRACIA_PLACA_NORD_EB_01,ManagedElement=MSR_B_GRACIA_PLACA_NORD_EB_01,ENodeBFunction=1,EUtranCellFDD=GRACIA_PLACA_NORD_EB_080048601_012","SubNetwork/SubNetwork/MeContext/ManagedElement/ENodeBFunction/EUtranCellFDD",""
"ericsson","GRCatalunya","BARCELONA","ATW-T2 45442 GRACIA/PLAÇA NORD","800486","8","486","8 486 43 1","43","1","2.1558313","41.4057","931017","4596640","12a4a2bca3","MSR_B_GRACIA_PLACA_NORD_EB_01","MSR_B_GRACIA_PLACA_NORD_EB_01","GRACIA_PLACA_NORD_EB_080048601_013","80021","","214","7","8662","13","36","3600","","0","66","45.8","","0","9","5.4","1","900","0","","IOT800-G900-L800-L900-L1800-L2100-L2600-N700-N2100-N3500","BARCELONA","8004861","4","204853894","15.0185","10000","2025-04-02T08:08:16.012851Z","SubNetwork=Barcelona,SubNetwork=MSR_Barcelona,MeContext=MSR_B_GRACIA_PLACA_NORD_EB_01,ManagedElement=MSR_B_GRACIA_PLACA_NORD_EB_01,ENodeBFunction=1,EUtranCellFDD=GRACIA_PLACA_NORD_EB_080048601_013","SubNetwork/SubNetwork/MeContext/ManagedElement/ENodeBFunction/EUtranCellFDD",""
"ericsson","GRCatalunya","BARCELONA","ATW-T2 45442 GRACIA/PLAÇA NORD","800486","8","486","8 486 44 1","44","1","2.1558313","41.4057","931017","4596640","12a4a2bca3","MSR_B_GRACIA_PLACA_NORD_EB_01","MSR_B_GRACIA_PLACA_NORD_EB_01","GRACIA_PLACA_NORD_EB_080048601_014","80021","","214","7","8662","14","396","550","","0","65","48.8","ASI4518R39v06_2100_7","0","6","28.35","1","2100","0","","IOT800-G900-L800-L900-L1800-L2100-L2600-N700-N2100-N3500","BARCELONA","8004861","4","204853904","18.0185","10000","2025-04-02T08:08:16.012851Z","SubNetwork=Barcelona,SubNetwork=MSR_Barcelona,MeContext=MSR_B_GRACIA_PLACA_NORD_EB_01,ManagedElement=MSR_B_GRACIA_PLACA_NORD_EB_01,ENodeBFunction=1,EUtranCellFDD=GRACIA_PLACA_NORD_EB_080048601_014","SubNetwork/SubNetwork/MeContext/ManagedElement/ENodeBFunction/EUtranCellFDD",""
"ericsson","GRCatalunya","BARCELONA","ATW-T2 45442 GRACIA/PLAÇA NORD","800486","8","486","8 486 40 1","40","1","2.1558313","41.4057","931017","4596640","12a4a2bca3","MSR_B_GRACIA_PLACA_NORD_EB_01","MSR_B_GRACIA_PLACA_NORD_EB_01","GRACIA_PLACA_NORD_EB_080048601_021","80021","","214","7","8662","21","283","6400","","120","68","45.8","ASI4518R39v06_800_10","0","10","28.35","1","800","0","","IOT800-G900-L800-L900-L1800-L2100-L2600-N700-N2100-N3500","BARCELONA","8004862","4","204853974","15.0185","10000","2025-04-02T08:08:16.012851Z","SubNetwork=Barcelona,SubNetwork=MSR_Barcelona,MeContext=MSR_B_GRACIA_PLACA_NORD_EB_01,ManagedElement=MSR_B_GRACIA_PLACA_NORD_EB_01,ENodeBFunction=1,EUtranCellFDD=GRACIA_PLACA_NORD_EB_080048601_021","SubNetwork/SubNetwork/MeContext/ManagedElement/ENodeBFunction/EUtranCellFDD",""
"ericsson","GRCatalunya","BARCELONA","ATW-T2 45442 GRACIA/PLAÇA NORD","800486","8","486","8 486 42 1","42","1","2.1558313","41.4057","931017","4596640","12a4a2bca3","MSR_B_GRACIA_PLACA_NORD_EB_01","MSR_B_GRACIA_PLACA_NORD_EB_01","GRACIA_PLACA_NORD_EB_080048601_022","80021","","214","7","8662","22","29","2850","","120","58","51.8","ASI4518R39v06_2600_7","0","7","28.35","1","2600","0","","IOT800-G900-L800-L900-L1800-L2100-L2600-N700-N2100-N3500","BARCELONA","8004862","4","204853984","18.0082","20000","2025-04-02T08:08:16.012851Z","SubNetwork=Barcelona,SubNetwork=MSR_Barcelona,MeContext=MSR_B_GRACIA_PLACA_NORD_EB_01,ManagedElement=MSR_B_GRACIA_PLACA_NORD_EB_01,ENodeBFunction=1,EUtranCellFDD=GRACIA_PLACA_NORD_EB_080048601_022","SubNetwork/SubNetwork/MeContext/ManagedElement/ENodeBFunction/EUtranCellFDD",""
"ericsson","GRCatalunya","BARCELONA","ATW-T2 45442 GRACIA/PLAÇA NORD","800486","8","486","8 486 43 1","43","1","2.1558313","41.4057","931017","4596640","12a4a2bca3","MSR_B_GRACIA_PLACA_NORD_EB_01","MSR_B_GRACIA_PLACA_NORD_EB_01","GRACIA_PLACA_NORD_EB_080048601_023","80021","","214","7","8662","23","199","3600","","120","66","45.8","","0","10","5.4","1","900","0","","IOT800-G900-L800-L900-L1800-L2100-L2600-N700-N2100-N3500","BARCELONA","8004862","4","204853994","15.0185","10000","2025-04-02T08:08:16.012851Z","SubNetwork=Barcelona,SubNetwork=MSR_Barcelona,MeContext=MSR_B_GRACIA_PLACA_NORD_EB_01,ManagedElement=MSR_B_GRACIA_PLACA_NORD_EB_01,ENodeBFunction=1,EUtranCellFDD=GRACIA_PLACA_NORD_EB_080048601_023","SubNetwork/SubNetwork/MeContext/ManagedElement/ENodeBFunction/EUtranCellFDD",""
"ericsson","GRCatalunya","BARCELONA","ATW-T2 45442 GRACIA/PLAÇA NORD","800486","8","486","8 486 44 1","44","1","2.1558313","41.4057","931017","4596640","12a4a2bca3","MSR_B_GRACIA_PLACA_NORD_EB_01","MSR_B_GRACIA_PLACA_NORD_EB_01","GRACIA_PLACA_NORD_EB_080048601_024","80021","","214","7","8662","24","395","550","","120","65","48.8","ASI4518R39v06_2100_7","0","7","28.35","1","2100","0","","IOT800-G900-L800-L900-L1800-L2100-L2600-N700-N2100-N3500","BARCELONA","8004862","4","204854004","18.0185","10000","2025-04-02T08:08:16.012851Z","SubNetwork=Barcelona,SubNetwork=MSR_Barcelona,MeContext=MSR_B_GRACIA_PLACA_NORD_EB_01,ManagedElement=MSR_B_GRACIA_PLACA_NORD_EB_01,ENodeBFunction=1,EUtranCellFDD=GRACIA_PLACA_NORD_EB_080048601_024","SubNetwork/SubNetwork/MeContext/ManagedElement/ENodeBFunction/EUtranCellFDD",""
"ericsson","GRCatalunya","BARCELONA","ATW-T2 45442 GRACIA/PLAÇA NORD","800486","8","486","8 486 40 1","40","1","2.1558313","41.4057","931017","4596640","12a4a2bca3","MSR_B_GRACIA_PLACA_NORD_EB_01","MSR_B_GRACIA_PLACA_NORD_EB_01","GRACIA_PLACA_NORD_EB_080048601_031","80021","","214","7","8662","31","288","6400","","240","68","45.8","ASI4518R39v06_800_10","0","8.5","28.35","1","800","0","","IOT800-G900-L800-L900-L1800-L2100-L2600-N700-N2100-N3500","BARCELONA","8004863","4","204854074","15.0185","10000","2025-04-02T08:08:16.012851Z","SubNetwork=Barcelona,SubNetwork=MSR_Barcelona,MeContext=MSR_B_GRACIA_PLACA_NORD_EB_01,ManagedElement=MSR_B_GRACIA_PLACA_NORD_EB_01,ENodeBFunction=1,EUtranCellFDD=GRACIA_PLACA_NORD_EB_080048601_031","SubNetwork/SubNetwork/MeContext/ManagedElement/ENodeBFunction/EUtranCellFDD",""
"ericsson","GRCatalunya","BARCELONA","ATW-T2 45442 GRACIA/PLAÇA NORD","800486","8","486","8 486 42 1","42","1","2.1558313","41.4057","931017","4596640","12a4a2bca3","MSR_B_GRACIA_PLACA_NORD_EB_01","MSR_B_GRACIA_PLACA_NORD_EB_01","GRACIA_PLACA_NORD_EB_080048601_032","80021","","214","7","8662","32","259","2850","","240","58","51.8","ASI4518R39v06_2600_7","0","6","28.35","1","2600","0","","IOT800-G900-L800-L900-L1800-L2100-L2600-N700-N2100-N3500","BARCELONA","8004863","4","204854084","18.0082","20000","2025-04-02T08:08:16.012851Z","SubNetwork=Barcelona,SubNetwork=MSR_Barcelona,MeContext=MSR_B_GRACIA_PLACA_NORD_EB_01,ManagedElement=MSR_B_GRACIA_PLACA_NORD_EB_01,ENodeBFunction=1,EUtranCellFDD=GRACIA_PLACA_NORD_EB_080048601_032","SubNetwork/SubNetwork/MeContext/ManagedElement/ENodeBFunction/EUtranCellFDD",""
"ericsson","GRCatalunya","BARCELONA","ATW-T2 45442 GRACIA/PLAÇA NORD","800486","8","486","8 486 43 1","43","1","2.1558313","41.4057","931017","4596640","12a4a2bca3","MSR_B_GRACIA_PLACA_NORD_EB_01","MSR_B_GRACIA_PLACA_NORD_EB_01","GRACIA_PLACA_NORD_EB_080048601_033","80021","","214","7","8662","33","2","3600","","240","66","45.8","","0","7","5.4","1","900","0","","IOT800-G900-L800-L900-L1800-L2100-L2600-N700-N2100-N3500","BARCELONA","8004863","4","204854094","15.0185","10000","2025-04-02T08:08:16.012851Z","SubNetwork=Barcelona,SubNetwork=MSR_Barcelona,MeContext=MSR_B_GRACIA_PLACA_NORD_EB_01,ManagedElement=MSR_B_GRACIA_PLACA_NORD_EB_01,ENodeBFunction=1,EUtranCellFDD=GRACIA_PLACA_NORD_EB_080048601_033","SubNetwork/SubNetwork/MeContext/ManagedElement/ENodeBFunction/EUtranCellFDD",""
"ericsson","GRCatalunya","BARCELONA","ATW-T2 45442 GRACIA/PLAÇA NORD","800486","8","486","8 486 44 1","44","1","2.1558313","41.4057","931017","4596640","12a4a2bca3","MSR_B_GRACIA_PLACA_NORD_EB_01","MSR_B_GRACIA_PLACA_NORD_EB_01","GRACIA_PLACA_NORD_EB_080048601_034","80021","","214","7","8662","34","328","550","","240","65","48.8","ASI4518R39v06_2100_7","0","6","28.35","1","2100","0","","IOT800-G900-L800-L900-L1800-L2100-L2600-N700-N2100-N3500","BARCELONA","8004863","4","204854104","18.0185","10000","2025-04-02T08:08:16.012851Z","SubNetwork=Barcelona,SubNetwork=MSR_Barcelona,MeContext=MSR_B_GRACIA_PLACA_NORD_EB_01,ManagedElement=MSR_B_GRACIA_PLACA_NORD_EB_01,ENodeBFunction=1,EUtranCellFDD=GRACIA_PLACA_NORD_EB_080048601_034","SubNetwork/SubNetwork/MeContext/ManagedElement/ENodeBFunction/EUtranCellFDD",""
"ericsson","GRCatalunya","BARCELONA","ATW-T2 45442 GRACIA/PLAÇA NORD","800486","8","486","8 486 41 1","41","1","2.1558313","41.4057","931017","4596640","12a4a2bca3","MSR_B_GRACIA_PLACA_NORD_EB_01","MSR_B_GRACIA_PLACA_NORD_EB_01","GRACIA_PLAYA_NORD_EB_080048601_010","80021","","214","7","8662","10","366","1301","","0","70","51.8","ASI4518R39v06_1800_7","0","6","28.35","1","1800","0","","IOT800-G900-L800-L900-L1800-L2100-L2600-N700-N2100-N3500","BARCELONA","8004861","4","204853864","18.0082","20000","2025-04-02T08:08:16.012851Z","SubNetwork=Barcelona,SubNetwork=MSR_Barcelona,MeContext=MSR_B_GRACIA_PLACA_NORD_EB_01,ManagedElement=MSR_B_GRACIA_PLACA_NORD_EB_01,ENodeBFunction=1,EUtranCellFDD=GRACIA_PLAYA_NORD_EB_080048601_010","SubNetwork/SubNetwork/MeContext/ManagedElement/ENodeBFunction/EUtranCellFDD",""
"ericsson","GRCatalunya","BARCELONA","ATW-T2 45442 GRACIA/PLAÇA NORD","800486","8","486","8 486 41 1","41","1","2.1558313","41.4057","931017","4596640","12a4a2bca3","MSR_B_GRACIA_PLACA_NORD_EB_01","MSR_B_GRACIA_PLACA_NORD_EB_01","GRACIA_PLAYA_NORD_EB_080048601_020","80021","","214","7","8662","20","395","1301","","120","70","51.8","ASI4518R39v06_1800_7","0","7","28.35","1","1800","0","","IOT800-G900-L800-L900-L1800-L2100-L2600-N700-N2100-N3500","BARCELONA","8004862","4","204853964","18.0082","20000","2025-04-02T08:08:16.012851Z","SubNetwork=Barcelona,SubNetwork=MSR_Barcelona,MeContext=MSR_B_GRACIA_PLACA_NORD_EB_01,ManagedElement=MSR_B_GRACIA_PLACA_NORD_EB_01,ENodeBFunction=1,EUtranCellFDD=GRACIA_PLAYA_NORD_EB_080048601_020","SubNetwork/SubNetwork/MeContext/ManagedElement/ENodeBFunction/EUtranCellFDD",""
"ericsson","GRCatalunya","BARCELONA","ATW-T2 45442 GRACIA/PLAÇA NORD","800486","8","486","8 486 41 1","41","1","2.1558313","41.4057","931017","4596640","12a4a2bca3","MSR_B_GRACIA_PLACA_NORD_EB_01","MSR_B_GRACIA_PLACA_NORD_EB_01","GRACIA_PLAYA_NORD_EB_080048601_030","80021","","214","7","8662","30","454","1301","","240","70","51.8","ASI4518R39v06_1800_7","0","6","28.35","1","1800","0","","IOT800-G900-L800-L900-L1800-L2100-L2600-N700-N2100-N3500","BARCELONA","8004863","4","204854064","18.0082","20000","2025-04-02T08:08:16.012851Z","SubNetwork=Barcelona,SubNetwork=MSR_Barcelona,MeContext=MSR_B_GRACIA_PLACA_NORD_EB_01,ManagedElement=MSR_B_GRACIA_PLACA_NORD_EB_01,ENodeBFunction=1,EUtranCellFDD=GRACIA_PLAYA_NORD_EB_080048601_030","SubNetwork/SubNetwork/MeContext/ManagedElement/ENodeBFunction/EUtranCellFDD",""
"ericsson","GRCatalunya","BARCELONA","ATW-T2 45442 GRACIA/PLAÇA NORD","800486","8","486","8 486 46 1","46","1","2.1558313","41.4057","931017","4596640","12a4a2bca3","MSR_B_GRACIA_PLACA_NORD_EB_01","MSR_B_GRACIA_PLACA_NORD_EB_01","IOT_GRACIA_PLACA_NORD_080048601_016","80021","","214","7","8669","16","332","6400","","0","68","","ASI4518R39v06_800_10","0","10","28.35","1","800","0","","IOT800-G900-L800-L900-L1800-L2100-L2600-N700-N2100-N3500","BARCELONA","8004861","4","204853924","","200","2025-04-02T08:08:16.012851Z","SubNetwork=Barcelona,SubNetwork=MSR_Barcelona,MeContext=MSR_B_GRACIA_PLACA_NORD_EB_01,ManagedElement=MSR_B_GRACIA_PLACA_NORD_EB_01,ENodeBFunction=1,NbIotCell=IOT_GRACIA_PLACA_NORD_080048601_016","SubNetwork/SubNetwork/MeContext/ManagedElement/ENodeBFunction/NbIotCell",""
"ericsson","GRCatalunya","BARCELONA","ATW-T2 45442 GRACIA/PLAÇA NORD","800486","8","486","8 486 46 1","46","1","2.1558313","41.4057","931017","4596640","12a4a2bca3","MSR_B_GRACIA_PLACA_NORD_EB_01","MSR_B_GRACIA_PLACA_NORD_EB_01","IOT_GRACIA_PLACA_NORD_080048601_026","80021","","214","7","8669","26","283","6400","","120","68","","ASI4518R39v06_800_10","0","10","28.35","1","800","0","","IOT800-G900-L800-L900-L1800-L2100-L2600-N700-N2100-N3500","BARCELONA","8004862","4","204854024","","200","2025-04-02T08:08:16.012851Z","SubNetwork=Barcelona,SubNetwork=MSR_Barcelona,MeContext=MSR_B_GRACIA_PLACA_NORD_EB_01,ManagedElement=MSR_B_GRACIA_PLACA_NORD_EB_01,ENodeBFunction=1,NbIotCell=IOT_GRACIA_PLACA_NORD_080048601_026","SubNetwork/SubNetwork/MeContext/ManagedElement/ENodeBFunction/NbIotCell",""
"ericsson","GRCatalunya","BARCELONA","ATW-T2 45442 GRACIA/PLAÇA NORD","800486","8","486","8 486 46 1","46","1","2.1558313","41.4057","931017","4596640","12a4a2bca3","MSR_B_GRACIA_PLACA_NORD_EB_01","MSR_B_GRACIA_PLACA_NORD_EB_01","IOT_GRACIA_PLACA_NORD_080048601_036","80021","","214","7","8669","36","288","6400","","240","68","","ASI4518R39v06_800_10","0","8.5","28.35","1","800","0","","IOT800-G900-L800-L900-L1800-L2100-L2600-N700-N2100-N3500","BARCELONA","8004863","4","204854124","","200","2025-04-02T08:08:16.012851Z","SubNetwork=Barcelona,SubNetwork=MSR_Barcelona,MeContext=MSR_B_GRACIA_PLACA_NORD_EB_01,ManagedElement=MSR_B_GRACIA_PLACA_NORD_EB_01,ENodeBFunction=1,NbIotCell=IOT_GRACIA_PLACA_NORD_080048601_036","SubNetwork/SubNetwork/MeContext/ManagedElement/ENodeBFunction/NbIotCell",""
"ericsson","GRCatalunya","BARCELONA","PLAÇA TETUAN EB","800488","8","488","8 488 42 1","42","1","2.1749458","41.394047","932693","4595441","12a4a2e58f","MSR_B_PLACA_TETUAN_EB_01","MSR_B_PLACA_TETUAN_EB_01","PLACA_TETUAN_EB_080048801_012","80064","","214","7","8642","12","64","2850","","0","58","48.8","ASI4518R39v07_2600_4","0","4","35.1","1","2600","0","","IOT800-G900-U900-U2100-L800-L900-L1800-L2100-L2600-N700-N2100-N3500","BARCELONA","8004881","4","204963964","15.0082","20000","2025-04-02T08:08:16.012851Z","SubNetwork=Barcelona,SubNetwork=MSR_Barcelona,MeContext=MSR_B_PLACA_TETUAN_EB_01,ManagedElement=MSR_B_PLACA_TETUAN_EB_01,ENodeBFunction=1,EUtranCellFDD=PLACA_TETUAN_EB_080048801_012","SubNetwork/SubNetwork/MeContext/ManagedElement/ENodeBFunction/EUtranCellFDD",""
"ericsson","GRCatalunya","BARCELONA","PLAÇA TETUAN EB","800488","8","488","8 488 43 1","43","1","2.1749458","41.394047","932693","4595441","12a4a2e58f","MSR_B_PLACA_TETUAN_EB_01","MSR_B_PLACA_TETUAN_EB_01","PLACA_TETUAN_EB_080048801_013","80064","","214","7","8642","13","29","3600","","0","62","45.8","","0","10","5.9","1","900","0","","IOT800-G900-U900-U2100-L800-L900-L1800-L2100-L2600-N700-N2100-N3500","BARCELONA","8004881","4","204963974","15.0185","10000","2025-04-02T08:08:16.012851Z","SubNetwork=Barcelona,SubNetwork=MSR_Barcelona,MeContext=MSR_B_PLACA_TETUAN_EB_01,ManagedElement=MSR_B_PLACA_TETUAN_EB_01,ENodeBFunction=1,EUtranCellFDD=PLACA_TETUAN_EB_080048801_013","SubNetwork/SubNetwork/MeContext/ManagedElement/ENodeBFunction/EUtranCellFDD",""
"ericsson","GRCatalunya","BARCELONA","PLAÇA TETUAN EB","800488","8","488","8 488 44 1","44","1","2.1749458","41.394047","932693","4595441","12a4a2e58f","MSR_B_PLACA_TETUAN_EB_01","MSR_B_PLACA_TETUAN_EB_01","PLACA_TETUAN_EB_080048801_014","80064","","214","7","8642","14","139","550","","0","64","45.8","ASI4518R39v07_2100_4","0","4","34.96","1","2100","0","","IOT800-G900-U900-U2100-L800-L900-L1800-L2100-L2600-N700-N2100-N3500","BARCELONA","8004881","4","204963984","15.0185","10000","2025-04-02T08:08:16.012851Z","SubNetwork=Barcelona,SubNetwork=MSR_Barcelona,MeContext=MSR_B_PLACA_TETUAN_EB_01,ManagedElement=MSR_B_PLACA_TETUAN_EB_01,ENodeBFunction=1,EUtranCellFDD=PLACA_TETUAN_EB_080048801_014","SubNetwork/SubNetwork/MeContext/ManagedElement/ENodeBFunction/EUtranCellFDD",""
"ericsson","GRCatalunya","BARCELONA","PLAÇA TETUAN EB","800488","8","488","8 488 42 1","42","1","2.1749458","41.394047","932693","4595441","12a4a2e58f","MSR_B_PLACA_TETUAN_EB_01","MSR_B_PLACA_TETUAN_EB_01","PLACA_TETUAN_EB_080048801_022","80064","","214","7","8642","22","402","2850","","150","58","48.8","ASI4518R39v07_2600_7","0","7","35.1","1","2600","0","","IOT800-G900-U900-U2100-L800-L900-L1800-L2100-L2600-N700-N2100-N3500","BARCELONA","8004882","4","204964064","15.0082","20000","2025-04-02T08:08:16.012851Z","SubNetwork=Barcelona,SubNetwork=MSR_Barcelona,MeContext=MSR_B_PLACA_TETUAN_EB_01,ManagedElement=MSR_B_PLACA_TETUAN_EB_01,ENodeBFunction=1,EUtranCellFDD=PLACA_TETUAN_EB_080048801_022","SubNetwork/SubNetwork/MeContext/ManagedElement/ENodeBFunction/EUtranCellFDD",""
"ericsson","GRCatalunya","BARCELONA","PLAÇA TETUAN EB","800488","8","488","8 488 43 1","43","1","2.1749458","41.394047","932693","4595441","12a4a2e58f","MSR_B_PLACA_TETUAN_EB_01","MSR_B_PLACA_TETUAN_EB_01","PLACA_TETUAN_EB_080048801_023","80064","","214","7","8642","23","208","3600","","150","62","42.8","","0","5","5.9","1","900","0","","IOT800-G900-U900-U2100-L800-L900-L1800-L2100-L2600-N700-N2100-N3500","BARCELONA","8004882","4","204964074","12.0185","10000","2025-04-02T08:08:16.012851Z","SubNetwork=Barcelona,SubNetwork=MSR_Barcelona,MeContext=MSR_B_PLACA_TETUAN_EB_01,ManagedElement=MSR_B_PLACA_TETUAN_EB_01,ENodeBFunction=1,EUtranCellFDD=PLACA_TETUAN_EB_080048801_023","SubNetwork/SubNetwork/MeContext/ManagedElement/ENodeBFunction/EUtranCellFDD",""
"ericsson","GRCatalunya","BARCELONA","PLAÇA TETUAN EB","800488","8","488","8 488 44 1","44","1","2.1749458","41.394047","932693","4595441","12a4a2e58f","MSR_B_PLACA_TETUAN_EB_01","MSR_B_PLACA_TETUAN_EB_01","PLACA_TETUAN_EB_080048801_024","80064","","214","7","8642","24","260","550","","150","64","45.8","ASI4518R39v07_2100_7","0","7","34.96","1","2100","0","","IOT800-G900-U900-U2100-L800-L900-L1800-L2100-L2600-N700-N2100-N3500","BARCELONA","8004882","4","204964084","15.0185","10000","2025-04-02T08:08:16.012851Z","SubNetwork=Barcelona,SubNetwork=MSR_Barcelona,MeContext=MSR_B_PLACA_TETUAN_EB_01,ManagedElement=MSR_B_PLACA_TETUAN_EB_01,ENodeBFunction=1,EUtranCellFDD=PLACA_TETUAN_EB_080048801_024","SubNetwork/SubNetwork/MeContext/ManagedElement/ENodeBFunction/EUtranCellFDD",""
"ericsson","GRCatalunya","BARCELONA","PLAÇA TETUAN EB","800488","8","488","8 488 42 1","42","1","2.1749458","41.394047","932693","4595441","12a4a2e58f","MSR_B_PLACA_TETUAN_EB_01","MSR_B_PLACA_TETUAN_EB_01","PLACA_TETUAN_EB_080048801_032","80064","","214","7","8642","32","266","2850","","250","58","48.8","ASI4518R39v07_2600_8","0","8","35.1","1","2600","0","","IOT800-G900-U900-U2100-L800-L900-L1800-L2100-L2600-N700-N2100-N3500","BARCELONA","8004883","4","204964164","15.0082","20000","2025-04-02T08:08:16.012851Z","SubNetwork=Barcelona,SubNetwork=MSR_Barcelona,MeContext=MSR_B_PLACA_TETUAN_EB_01,ManagedElement=MSR_B_PLACA_TETUAN_EB_01,ENodeBFunction=1,EUtranCellFDD=PLACA_TETUAN_EB_080048801_032","SubNetwork/SubNetwork/MeContext/ManagedElement/ENodeBFunction/EUtranCellFDD",""
"ericsson","GRCatalunya","BARCELONA","PLAÇA TETUAN EB","800488","8","488","8 488 43 1","43","1","2.1749458","41.394047","932693","4595441","12a4a2e58f","MSR_B_PLACA_TETUAN_EB_01","MSR_B_PLACA_TETUAN_EB_01","PLACA_TETUAN_EB_080048801_033","80064","","214","7","8642","33","414","3600","","250","62","42.8","","0","10","5.9","1","900","0","","IOT800-G900-U900-U2100-L800-L900-L1800-L2100-L2600-N700-N2100-N3500","BARCELONA","8004883","4","204964174","12.0185","10000","2025-04-02T08:08:16.012851Z","SubNetwork=Barcelona,SubNetwork=MSR_Barcelona,MeContext=MSR_B_PLACA_TETUAN_EB_01,ManagedElement=MSR_B_PLACA_TETUAN_EB_01,ENodeBFunction=1,EUtranCellFDD=PLACA_TETUAN_EB_080048801_033","SubNetwork/SubNetwork/MeContext/ManagedElement/ENodeBFunction/EUtranCellFDD",""
"ericsson","GRCatalunya","BARCELONA","PLAÇA TETUAN EB","800488","8","488","8 488 44 1","44","1","2.1749458","41.394047","932693","4595441","12a4a2e58f","MSR_B_PLACA_TETUAN_EB_01","MSR_B_PLACA_TETUAN_EB_01","PLACA_TETUAN_EB_080048801_034","80064","","214","7","8642","34","132","550","","250","64","45.8","ASI4518R39v07_2100_8","0","8","34.96","1","2100","0","","IOT800-G900-U900-U2100-L800-L900-L1800-L2100-L2600-N700-N2100-N3500","BARCELONA","8004883","4","204964184","15.0185","10000","2025-04-02T08:08:16.012851Z","SubNetwork=Barcelona,SubNetwork=MSR_Barcelona,MeContext=MSR_B_PLACA_TETUAN_EB_01,ManagedElement=MSR_B_PLACA_TETUAN_EB_01,ENodeBFunction=1,EUtranCellFDD=PLACA_TETUAN_EB_080048801_034","SubNetwork/SubNetwork/MeContext/ManagedElement/ENodeBFunction/EUtranCellFDD",""
"ericsson","GRCatalunya","BARCELONA","PLAÇA TETUAN EB","800488","8","488","8 488 41 1","41","1","2.1749458","41.394047","932693","4595441","12a4a2e58f","MSR_B_PLACA_TETUAN_EB_01","MSR_B_PLACA_TETUAN_EB_01","PLAYA_TETUAN_EB_080048801_010","80064","","214","7","8642","10","133","1301","","0","69","48.8","ASI4518R39v07_1800_4","0","4","34.96","1","1800","0","","IOT800-G900-U900-U2100-L800-L900-L1800-L2100-L2600-N700-N2100-N3500","BARCELONA","8004881","4","204963944","15.0082","20000","2025-04-02T08:08:16.012851Z","SubNetwork=Barcelona,SubNetwork=MSR_Barcelona,MeContext=MSR_B_PLACA_TETUAN_EB_01,ManagedElement=MSR_B_PLACA_TETUAN_EB_01,ENodeBFunction=1,EUtranCellFDD=PLAYA_TETUAN_EB_080048801_010","SubNetwork/SubNetwork/MeContext/ManagedElement/ENodeBFunction/EUtranCellFDD",""
"ericsson","GRCatalunya","BARCELONA","PLAÇA TETUAN EB","800488","8","488","8 488 40 1","40","1","2.1749458","41.394047","932693","4595441","12a4a2e58f","MSR_B_PLACA_TETUAN_EB_01","MSR_B_PLACA_TETUAN_EB_01","PLAYA_TETUAN_EB_080048801_011","80064","","214","7","8642","11","310","6400","","0","67","45.8","ASI4518R39v07_800_10","0","10","60.0","1","800","0","","IOT800-G900-U900-U2100-L800-L900-L1800-L2100-L2600-N700-N2100-N3500","BARCELONA","8004881","4","204963954","15.0185","10000","2025-04-02T08:08:16.012851Z","SubNetwork=Barcelona,SubNetwork=MSR_Barcelona,MeContext=MSR_B_PLACA_TETUAN_EB_01,ManagedElement=MSR_B_PLACA_TETUAN_EB_01,ENodeBFunction=1,EUtranCellFDD=PLAYA_TETUAN_EB_080048801_011","SubNetwork/SubNetwork/MeContext/ManagedElement/ENodeBFunction/EUtranCellFDD",""
"ericsson","GRCatalunya","BARCELONA","PLAÇA TETUAN EB","800488","8","488","8 488 41 1","41","1","2.1749458","41.394047","932693","4595441","12a4a2e58f","MSR_B_PLACA_TETUAN_EB_01","MSR_B_PLACA_TETUAN_EB_01","PLAYA_TETUAN_EB_080048801_020","80064","","214","7","8642","20","134","1301","","150","69","48.8","ASI4518R39v07_1800_7","0","7","34.96","1","1800","0","","IOT800-G900-U900-U2100-L800-L900-L1800-L2100-L2600-N700-N2100-N3500","BARCELONA","8004882","4","204964044","15.0082","20000","2025-04-02T08:08:16.012851Z","SubNetwork=Barcelona,SubNetwork=MSR_Barcelona,MeContext=MSR_B_PLACA_TETUAN_EB_01,ManagedElement=MSR_B_PLACA_TETUAN_EB_01,ENodeBFunction=1,EUtranCellFDD=PLAYA_TETUAN_EB_080048801_020","SubNetwork/SubNetwork/MeContext/ManagedElement/ENodeBFunction/EUtranCellFDD",""
"ericsson","GRCatalunya","BARCELONA","PLAÇA TETUAN EB","800488","8","488","8 488 40 1","40","1","2.1749458","41.394047","932693","4595441","12a4a2e58f","MSR_B_PLACA_TETUAN_EB_01","MSR_B_PLACA_TETUAN_EB_01","PLAYA_TETUAN_EB_080048801_021","80064","","214","7","8642","21","131","6400","","150","67","45.8","ASI4518R39v07_800_7","0","7","60.0","1","800","0","","IOT800-G900-U900-U2100-L800-L900-L1800-L2100-L2600-N700-N2100-N3500","BARCELONA","8004882","4","204964054","15.0185","10000","2025-04-02T08:08:16.012851Z","SubNetwork=Barcelona,SubNetwork=MSR_Barcelona,MeContext=MSR_B_PLACA_TETUAN_EB_01,ManagedElement=MSR_B_PLACA_TETUAN_EB_01,ENodeBFunction=1,EUtranCellFDD=PLAYA_TETUAN_EB_080048801_021","SubNetwork/SubNetwork/MeContext/ManagedElement/ENodeBFunction/EUtranCellFDD",""
"ericsson","GRCatalunya","BARCELONA","PLAÇA TETUAN EB","800488","8","488","8 488 41 1","41","1","2.1749458","41.394047","932693","4595441","12a4a2e58f","MSR_B_PLACA_TETUAN_EB_01","MSR_B_PLACA_TETUAN_EB_01","PLAYA_TETUAN_EB_080048801_030","80064","","214","7","8642","30","132","1301","","250","69","48.8","ASI4518R39v07_1800_8","0","8","34.96","1","1800","0","","IOT800-G900-U900-U2100-L800-L900-L1800-L2100-L2600-N700-N2100-N3500","BARCELONA","8004883","4","204964144","15.0082","20000","2025-04-02T08:08:16.012851Z","SubNetwork=Barcelona,SubNetwork=MSR_Barcelona,MeContext=MSR_B_PLACA_TETUAN_EB_01,ManagedElement=MSR_B_PLACA_TETUAN_EB_01,ENodeBFunction=1,EUtranCellFDD=PLAYA_TETUAN_EB_080048801_030","SubNetwork/SubNetwork/MeContext/ManagedElement/ENodeBFunction/EUtranCellFDD",""
"ericsson","GRCatalunya","BARCELONA","PLAÇA TETUAN EB","800488","8","488","8 488 40 1","40","1","2.1749458","41.394047","932693","4595441","12a4a2e58f","MSR_B_PLACA_TETUAN_EB_01","MSR_B_PLACA_TETUAN_EB_01","PLAYA_TETUAN_EB_080048801_031","80064","","214","7","8642","31","72","6400","","250","67","45.8","ASI4518R39v07_800_10","0","10","60.0","1","800","0","","IOT800-G900-U900-U2100-L800-L900-L1800-L2100-L2600-N700-N2100-N3500","BARCELONA","8004883","4","204964154","15.0185","10000","2025-04-02T08:08:16.012851Z","SubNetwork=Barcelona,SubNetwork=MSR_Barcelona,MeContext=MSR_B_PLACA_TETUAN_EB_01,ManagedElement=MSR_B_PLACA_TETUAN_EB_01,ENodeBFunction=1,EUtranCellFDD=PLAYA_TETUAN_EB_080048801_031","SubNetwork/SubNetwork/MeContext/ManagedElement/ENodeBFunction/EUtranCellFDD",""
"ericsson","GRCatalunya","BARCELONA","PLAÇA TETUAN EB","800488","8","488","8 488 46 1","46","1","2.1749458","41.394047","932693","4595441","12a4a2e58f","MSR_B_PLACA_TETUAN_EB_01","MSR_B_PLACA_TETUAN_EB_01","IOT_PLAYA_TETUAN_EB_080048801_016","80064","","214","7","8649","16","310","6400","","0","67","","ASI4518R39v07_800_10","0","10","60.0","1","800","0","","IOT800-G900-U900-U2100-L800-L900-L1800-L2100-L2600-N700-N2100-N3500","BARCELONA","8004881","4","204964004","","200","2025-04-02T08:08:16.012851Z","SubNetwork=Barcelona,SubNetwork=MSR_Barcelona,MeContext=MSR_B_PLACA_TETUAN_EB_01,ManagedElement=MSR_B_PLACA_TETUAN_EB_01,ENodeBFunction=1,NbIotCell=IOT_PLAYA_TETUAN_EB_080048801_016","SubNetwork/SubNetwork/MeContext/ManagedElement/ENodeBFunction/NbIotCell",""
"ericsson","GRCatalunya","BARCELONA","PLAÇA TETUAN EB","800488","8","488","8 488 46 1","46","1","2.1749458","41.394047","932693","4595441","12a4a2e58f","MSR_B_PLACA_TETUAN_EB_01","MSR_B_PLACA_TETUAN_EB_01","IOT_PLAYA_TETUAN_EB_080048801_026","80064","","214","7","8649","26","131","6400","","150","67","","ASI4518R39v07_800_7","0","7","60.0","1","800","0","","IOT800-G900-U900-U2100-L800-L900-L1800-L2100-L2600-N700-N2100-N3500","BARCELONA","8004882","4","204964104","","200","2025-04-02T08:08:16.012851Z","SubNetwork=Barcelona,SubNetwork=MSR_Barcelona,MeContext=MSR_B_PLACA_TETUAN_EB_01,ManagedElement=MSR_B_PLACA_TETUAN_EB_01,ENodeBFunction=1,NbIotCell=IOT_PLAYA_TETUAN_EB_080048801_026","SubNetwork/SubNetwork/MeContext/ManagedElement/ENodeBFunction/NbIotCell",""
"ericsson","GRCatalunya","BARCELONA","PLAÇA TETUAN EB","800488","8","488","8 488 46 1","46","1","2.1749458","41.394047","932693","4595441","12a4a2e58f","MSR_B_PLACA_TETUAN_EB_01","MSR_B_PLACA_TETUAN_EB_01","IOT_PLAYA_TETUAN_EB_080048801_036","80064","","214","7","8649","36","72","6400","","250","67","","ASI4518R39v07_800_10","0","10","60.0","1","800","0","","IOT800-G900-U900-U2100-L800-L900-L1800-L2100-L2600-N700-N2100-N3500","BARCELONA","8004883","4","204964204","","200","2025-04-02T08:08:16.012851Z","SubNetwork=Barcelona,SubNetwork=MSR_Barcelona,MeContext=MSR_B_PLACA_TETUAN_EB_01,ManagedElement=MSR_B_PLACA_TETUAN_EB_01,ENodeBFunction=1,NbIotCell=IOT_PLAYA_TETUAN_EB_080048801_036","SubNetwork/SubNetwork/MeContext/ManagedElement/ENodeBFunction/NbIotCell",""
"ericsson","GRCatalunya","BARCELONA","TURÓ PUTGET","801497","8","1497","8 1497 41 1","41","1","2.1466446","41.40551","930250","4596573","12a4a2a0c5","MSR_B_TURO_PUTGET_01","MSR_B_TURO_PUTGET_01","TURO_PUTGET_080149701_010","80027","","214","7","8662","10","451","1301","","310","69","46.1","ASI4518R39v07_1800_10","4","10","33.97","1","1800","0","","IOT800-G900-U900-U2100-L800-L900-L1800-L2100-N700-N3500","BARCELONA","8014971","4","204869224","12.3082","20000","2025-04-02T08:08:16.012851Z","SubNetwork=Barcelona,SubNetwork=MSR_Barcelona,MeContext=MSR_B_TURO_PUTGET_01,ManagedElement=MSR_B_TURO_PUTGET_01,ENodeBFunction=1,EUtranCellFDD=TURO_PUTGET_080149701_010","SubNetwork/SubNetwork/MeContext/ManagedElement/ENodeBFunction/EUtranCellFDD",""
"ericsson","GRCatalunya","BARCELONA","TURÓ PUTGET","801497","8","1497","8 1497 40 1","40","1","2.1466446","41.40551","930250","4596573","12a4a2a0c5","MSR_B_TURO_PUTGET_01","MSR_B_TURO_PUTGET_01","TURO_PUTGET_080149701_011","80027","","214","7","8662","11","20","6400","","310","67","45.8","ASI4518R39v07_800_6","4","6","33.97","1","800","0","","IOT800-G900-U900-U2100-L800-L900-L1800-L2100-N700-N3500","BARCELONA","8014971","4","204869234","15.0185","10000","2025-04-02T08:08:16.012851Z","SubNetwork=Barcelona,SubNetwork=MSR_Barcelona,MeContext=MSR_B_TURO_PUTGET_01,ManagedElement=MSR_B_TURO_PUTGET_01,ENodeBFunction=1,EUtranCellFDD=TURO_PUTGET_080149701_011","SubNetwork/SubNetwork/MeContext/ManagedElement/ENodeBFunction/EUtranCellFDD",""
"ericsson","GRCatalunya","BARCELONA","TURÓ PUTGET","801497","8","1497","8 1497 43 1","43","1","2.1466446","41.40551","930250","4596573","12a4a2a0c5","MSR_B_TURO_PUTGET_01","MSR_B_TURO_PUTGET_01","TURO_PUTGET_080149701_013","80027","","214","7","8662","13","21","3600","","70","62","45.8","ASI4518R39v07_900_6","0","0","34.8","1","900","0","","IOT800-G900-U900-U2100-L800-L900-L1800-L2100-N700-N3500","BARCELONA","8014971","4","204869254","15.0185","10000","2025-04-02T08:08:16.012851Z","SubNetwork=Barcelona,SubNetwork=MSR_Barcelona,MeContext=MSR_B_TURO_PUTGET_01,ManagedElement=MSR_B_TURO_PUTGET_01,ENodeBFunction=1,EUtranCellFDD=TURO_PUTGET_080149701_013","SubNetwork/SubNetwork/MeContext/ManagedElement/ENodeBFunction/EUtranCellFDD",""
"ericsson","GRCatalunya","BARCELONA","TURÓ PUTGET","801497","8","1497","8 1497 44 1","44","1","2.1466446","41.40551","930250","4596573","12a4a2a0c5","MSR_B_TURO_PUTGET_01","MSR_B_TURO_PUTGET_01","TURO_PUTGET_080149701_014","80027","","214","7","8662","14","397","550","","310","64","45.3","ASI4518R39v07_2100_10","4","10","33.97","1","2100","0","","IOT800-G900-U900-U2100-L800-L900-L1800-L2100-N700-N3500","BARCELONA","8014971","4","204869264","14.5185","10000","2025-04-02T08:08:16.012851Z","SubNetwork=Barcelona,SubNetwork=MSR_Barcelona,MeContext=MSR_B_TURO_PUTGET_01,ManagedElement=MSR_B_TURO_PUTGET_01,ENodeBFunction=1,EUtranCellFDD=TURO_PUTGET_080149701_014","SubNetwork/SubNetwork/MeContext/ManagedElement/ENodeBFunction/EUtranCellFDD",""
"ericsson","GRCatalunya","BARCELONA","TURÓ PUTGET","801497","8","1497","8 1497 41 1","41","1","2.1466446","41.40551","930250","4596573","12a4a2a0c5","MSR_B_TURO_PUTGET_01","MSR_B_TURO_PUTGET_01","TURO_PUTGET_080149701_020","80027","","214","7","8662","20","161","1301","","135","69","46.1","ASI4518R39v07_1800_10","4","10","33.97","1","1800","0","","IOT800-G900-U900-U2100-L800-L900-L1800-L2100-N700-N3500","BARCELONA","8014972","4","204869324","12.3082","20000","2025-04-02T08:08:16.012851Z","SubNetwork=Barcelona,SubNetwork=MSR_Barcelona,MeContext=MSR_B_TURO_PUTGET_01,ManagedElement=MSR_B_TURO_PUTGET_01,ENodeBFunction=1,EUtranCellFDD=TURO_PUTGET_080149701_020","SubNetwork/SubNetwork/MeContext/ManagedElement/ENodeBFunction/EUtranCellFDD",""
"ericsson","GRCatalunya","BARCELONA","TURÓ PUTGET","801497","8","1497","8 1497 40 1","40","1","2.1466446","41.40551","930250","4596573","12a4a2a0c5","MSR_B_TURO_PUTGET_01","MSR_B_TURO_PUTGET_01","TURO_PUTGET_080149701_021","80027","","214","7","8662","21","343","6400","","135","67","45.8","ASI4518R39v07_800_6","4","6","33.97","1","800","0","","IOT800-G900-U900-U2100-L800-L900-L1800-L2100-N700-N3500","BARCELONA","8014972","4","204869334","15.0185","10000","2025-04-02T08:08:16.012851Z","SubNetwork=Barcelona,SubNetwork=MSR_Barcelona,MeContext=MSR_B_TURO_PUTGET_01,ManagedElement=MSR_B_TURO_PUTGET_01,ENodeBFunction=1,EUtranCellFDD=TURO_PUTGET_080149701_021","SubNetwork/SubNetwork/MeContext/ManagedElement/ENodeBFunction/EUtranCellFDD",""
"ericsson","GRCatalunya","BARCELONA","TURÓ PUTGET","801497","8","1497","8 1497 43 1","43","1","2.1466446","41.40551","930250","4596573","12a4a2a0c5","MSR_B_TURO_PUTGET_01","MSR_B_TURO_PUTGET_01","TURO_PUTGET_080149701_023","80027","","214","7","8662","23","448","3600","","180","62","45.8","ASI4518R39v07_900_6","0","6","34.8","1","900","0","","IOT800-G900-U900-U2100-L800-L900-L1800-L2100-N700-N3500","BARCELONA","8014972","4","204869354","15.0185","10000","2025-04-02T08:08:16.012851Z","SubNetwork=Barcelona,SubNetwork=MSR_Barcelona,MeContext=MSR_B_TURO_PUTGET_01,ManagedElement=MSR_B_TURO_PUTGET_01,ENodeBFunction=1,EUtranCellFDD=TURO_PUTGET_080149701_023","SubNetwork/SubNetwork/MeContext/ManagedElement/ENodeBFunction/EUtranCellFDD",""
"ericsson","GRCatalunya","BARCELONA","TURÓ PUTGET","801497","8","1497","8 1497 44 1","44","1","2.1466446","41.40551","930250","4596573","12a4a2a0c5","MSR_B_TURO_PUTGET_01","MSR_B_TURO_PUTGET_01","TURO_PUTGET_080149701_024","80027","","214","7","8662","24","50","550","","135","64","45.3","ASI4518R39v07_2100_10","4","10","33.97","1","2100","0","","IOT800-G900-U900-U2100-L800-L900-L1800-L2100-N700-N3500","BARCELONA","8014972","4","204869364","14.5185","10000","2025-04-02T08:08:16.012851Z","SubNetwork=Barcelona,SubNetwork=MSR_Barcelona,MeContext=MSR_B_TURO_PUTGET_01,ManagedElement=MSR_B_TURO_PUTGET_01,ENodeBFunction=1,EUtranCellFDD=TURO_PUTGET_080149701_024","SubNetwork/SubNetwork/MeContext/ManagedElement/ENodeBFunction/EUtranCellFDD",""
"ericsson","GRCatalunya","BARCELONA","TURÓ PUTGET","801497","8","1497","8 1497 41 1","41","1","2.1466446","41.40551","930250","4596573","12a4a2a0c5","MSR_B_TURO_PUTGET_01","MSR_B_TURO_PUTGET_01","TURO_PUTGET_080149701_030","80027","","214","7","8662","30","12","1301","","210","69","46.1","ASI4518R39v07_1800_10","4","10","33.97","1","1800","0","","IOT800-G900-U900-U2100-L800-L900-L1800-L2100-N700-N3500","BARCELONA","8014973","4","204869424","12.3082","20000","2025-04-02T08:08:16.012851Z","SubNetwork=Barcelona,SubNetwork=MSR_Barcelona,MeContext=MSR_B_TURO_PUTGET_01,ManagedElement=MSR_B_TURO_PUTGET_01,ENodeBFunction=1,EUtranCellFDD=TURO_PUTGET_080149701_030","SubNetwork/SubNetwork/MeContext/ManagedElement/ENodeBFunction/EUtranCellFDD",""
"ericsson","GRCatalunya","BARCELONA","TURÓ PUTGET","801497","8","1497","8 1497 40 1","40","1","2.1466446","41.40551","930250","4596573","12a4a2a0c5","MSR_B_TURO_PUTGET_01","MSR_B_TURO_PUTGET_01","TURO_PUTGET_080149701_031","80027","","214","7","8662","31","111","6400","","210","67","45.8","ASI4518R39v07_800_6","4","6","33.97","1","800","0","","IOT800-G900-U900-U2100-L800-L900-L1800-L2100-N700-N3500","BARCELONA","8014973","4","204869434","15.0185","10000","2025-04-02T08:08:16.012851Z","SubNetwork=Barcelona,SubNetwork=MSR_Barcelona,MeContext=MSR_B_TURO_PUTGET_01,ManagedElement=MSR_B_TURO_PUTGET_01,ENodeBFunction=1,EUtranCellFDD=TURO_PUTGET_080149701_031","SubNetwork/SubNetwork/MeContext/ManagedElement/ENodeBFunction/EUtranCellFDD",""
"ericsson","GRCatalunya","BARCELONA","TURÓ PUTGET","801497","8","1497","8 1497 43 1","43","1","2.1466446","41.40551","930250","4596573","12a4a2a0c5","MSR_B_TURO_PUTGET_01","MSR_B_TURO_PUTGET_01","TURO_PUTGET_080149701_033","80027","","214","7","8662","33","392","3600","","290","62","45.8","ASI4518R39v07_900_6","0","0","34.8","1","900","0","","IOT800-G900-U900-U2100-L800-L900-L1800-L2100-N700-N3500","BARCELONA","8014973","4","204869454","15.0185","10000","2025-04-02T08:08:16.012851Z","SubNetwork=Barcelona,SubNetwork=MSR_Barcelona,MeContext=MSR_B_TURO_PUTGET_01,ManagedElement=MSR_B_TURO_PUTGET_01,ENodeBFunction=1,EUtranCellFDD=TURO_PUTGET_080149701_033","SubNetwork/SubNetwork/MeContext/ManagedElement/ENodeBFunction/EUtranCellFDD",""
"ericsson","GRCatalunya","BARCELONA","TURÓ PUTGET","801497","8","1497","8 1497 44 1","44","1","2.1466446","41.40551","930250","4596573","12a4a2a0c5","MSR_B_TURO_PUTGET_01","MSR_B_TURO_PUTGET_01","TURO_PUTGET_080149701_034","80027","","214","7","8662","34","12","550","","210","64","45.3","ASI4518R39v07_2100_10","4","10","33.97","1","2100","0","","IOT800-G900-U900-U2100-L800-L900-L1800-L2100-N700-N3500","BARCELONA","8014973","4","204869464","14.5185","10000","2025-04-02T08:08:16.012851Z","SubNetwork=Barcelona,SubNetwork=MSR_Barcelona,MeContext=MSR_B_TURO_PUTGET_01,ManagedElement=MSR_B_TURO_PUTGET_01,ENodeBFunction=1,EUtranCellFDD=TURO_PUTGET_080149701_034","SubNetwork/SubNetwork/MeContext/ManagedElement/ENodeBFunction/EUtranCellFDD",""
"ericsson","GRCatalunya","BARCELONA","TURÓ PUTGET","801497","8","1497","8 1497 46 1","46","1","2.1466446","41.40551","930250","4596573","12a4a2a0c5","MSR_B_TURO_PUTGET_01","MSR_B_TURO_PUTGET_01","IOT_TURO_PUTGET_080149701_016","80027","","214","7","8669","16","20","6400","","310","67","","ASI4518R39v07_800_6","4","6","33.97","1","800","0","","IOT800-G900-U900-U2100-L800-L900-L1800-L2100-N700-N3500","BARCELONA","8014971","4","204869284","","200","2025-04-02T08:08:16.012851Z","SubNetwork=Barcelona,SubNetwork=MSR_Barcelona,MeContext=MSR_B_TURO_PUTGET_01,ManagedElement=MSR_B_TURO_PUTGET_01,ENodeBFunction=1,NbIotCell=IOT_TURO_PUTGET_080149701_016","SubNetwork/SubNetwork/MeContext/ManagedElement/ENodeBFunction/NbIotCell",""
"ericsson","GRCatalunya","BARCELONA","TURÓ PUTGET","801497","8","1497","8 1497 46 1","46","1","2.1466446","41.40551","930250","4596573","12a4a2a0c5","MSR_B_TURO_PUTGET_01","MSR_B_TURO_PUTGET_01","IOT_TURO_PUTGET_080149701_026","80027","","214","7","8669","26","343","6400","","135","67","","ASI4518R39v07_800_6","4","6","33.97","1","800","0","","IOT800-G900-U900-U2100-L800-L900-L1800-L2100-N700-N3500","BARCELONA","8014972","4","204869384","","200","2025-04-02T08:08:16.012851Z","SubNetwork=Barcelona,SubNetwork=MSR_Barcelona,MeContext=MSR_B_TURO_PUTGET_01,ManagedElement=MSR_B_TURO_PUTGET_01,ENodeBFunction=1,NbIotCell=IOT_TURO_PUTGET_080149701_026","SubNetwork/SubNetwork/MeContext/ManagedElement/ENodeBFunction/NbIotCell",""
"ericsson","GRCatalunya","BARCELONA","TURÓ PUTGET","801497","8","1497","8 1497 46 1","46","1","2.1466446","41.40551","930250","4596573","12a4a2a0c5","MSR_B_TURO_PUTGET_01","MSR_B_TURO_PUTGET_01","IOT_TURO_PUTGET_080149701_036","80027","","214","7","8669","36","111","6400","","210","67","","ASI4518R39v07_800_6","4","6","33.97","1","800","0","","IOT800-G900-U900-U2100-L800-L900-L1800-L2100-N700-N3500","BARCELONA","8014973","4","204869484","","200","2025-04-02T08:08:16.012851Z","SubNetwork=Barcelona,SubNetwork=MSR_Barcelona,MeContext=MSR_B_TURO_PUTGET_01,ManagedElement=MSR_B_TURO_PUTGET_01,ENodeBFunction=1,NbIotCell=IOT_TURO_PUTGET_080149701_036","SubNetwork/SubNetwork/MeContext/ManagedElement/ENodeBFunction/NbIotCell",""
"ericsson","GRCatalunya","BARCELONA","ATW-V 40704 VIA JULIA","802629","8","2629","8 2629 41 1","41","1","2.1793041","41.443672","932727","4600975","12a4bd192d","MSR_B_VIA_JULIA_01","MSR_B_VIA_JULIA_01","VIA_JULIA_080262901_010","80536","","214","7","8662","10","360","1301","","70","70","48.8","ASI4518R39v06_1800_7","0","5","21.8","1","1800","0","","IOT800-G900-U900-U2100-L800-L900-L1800-L2100-L2600-N700-N3500","BARCELONA","8026291","4","206172264","15.0082","20000","2025-04-02T08:08:16.012851Z","SubNetwork=Barcelona,SubNetwork=MSR_Barcelona,MeContext=MSR_B_VIA_JULIA_01,ManagedElement=MSR_B_VIA_JULIA_01,ENodeBFunction=1,EUtranCellFDD=VIA_JULIA_080262901_010","SubNetwork/SubNetwork/MeContext/ManagedElement/ENodeBFunction/EUtranCellFDD",""
"ericsson","GRCatalunya","BARCELONA","ATW-V 40704 VIA JULIA","802629","8","2629","8 2629 40 1","40","1","2.1793041","41.443672","932727","4600975","12a4bd192d","MSR_B_VIA_JULIA_01","MSR_B_VIA_JULIA_01","VIA_JULIA_080262901_011","80536","","214","7","8662","11","74","6400","","70","68","45.8","ASI4518R39v06_800_10","0","5","21.8","1","800","0","","IOT800-G900-U900-U2100-L800-L900-L1800-L2100-L2600-N700-N3500","BARCELONA","8026291","4","206172274","15.0185","10000","2025-04-02T08:08:16.012851Z","SubNetwork=Barcelona,SubNetwork=MSR_Barcelona,MeContext=MSR_B_VIA_JULIA_01,ManagedElement=MSR_B_VIA_JULIA_01,ENodeBFunction=1,EUtranCellFDD=VIA_JULIA_080262901_011","SubNetwork/SubNetwork/MeContext/ManagedElement/ENodeBFunction/EUtranCellFDD",""
"ericsson","GRCatalunya","BARCELONA","ATW-V 40704 VIA JULIA","802629","8","2629","8 2629 42 1","42","1","2.1793041","41.443672","932727","4600975","12a4bd192d","MSR_B_VIA_JULIA_01","MSR_B_VIA_JULIA_01","VIA_JULIA_080262901_012","80536","","214","7","8662","12","450","2850","","70","58","48.8","ASI4518R39v06_2600_7","0","3.5","21.8","1","2600","0","","IOT800-G900-U900-U2100-L800-L900-L1800-L2100-L2600-N700-N3500","BARCELONA","8026291","4","206172284","15.0082","20000","2025-04-02T08:08:16.012851Z","SubNetwork=Barcelona,SubNetwork=MSR_Barcelona,MeContext=MSR_B_VIA_JULIA_01,ManagedElement=MSR_B_VIA_JULIA_01,ENodeBFunction=1,EUtranCellFDD=VIA_JULIA_080262901_012","SubNetwork/SubNetwork/MeContext/ManagedElement/ENodeBFunction/EUtranCellFDD",""
"ericsson","GRCatalunya","BARCELONA","ATW-V 40704 VIA JULIA","802629","8","2629","8 2629 43 1","43","1","2.1793041","41.443672","932727","4600975","12a4bd192d","MSR_B_VIA_JULIA_01","MSR_B_VIA_JULIA_01","VIA_JULIA_080262901_013","80536","","214","7","8662","13","441","3600","","70","66","45.8","ASI4518R39v06_900_10","0","5","22.36","1","900","0","","IOT800-G900-U900-U2100-L800-L900-L1800-L2100-L2600-N700-N3500","BARCELONA","8026291","4","206172294","15.0185","10000","2025-04-02T08:08:16.012851Z","SubNetwork=Barcelona,SubNetwork=MSR_Barcelona,MeContext=MSR_B_VIA_JULIA_01,ManagedElement=MSR_B_VIA_JULIA_01,ENodeBFunction=1,EUtranCellFDD=VIA_JULIA_080262901_013","SubNetwork/SubNetwork/MeContext/ManagedElement/ENodeBFunction/EUtranCellFDD",""
"ericsson","GRCatalunya","BARCELONA","ATW-V 40704 VIA JULIA","802629","8","2629","8 2629 44 1","44","1","2.1793041","41.443672","932727","4600975","12a4bd192d","MSR_B_VIA_JULIA_01","MSR_B_VIA_JULIA_01","VIA_JULIA_080262901_014","80536","","214","7","8662","14","309","550","","70","65","45.8","ASI4518R39v06_2100_7","0","5","21.8","1","2100","0","","IOT800-G900-U900-U2100-L800-L900-L1800-L2100-L2600-N700-N3500","BARCELONA","8026291","4","206172304","15.0185","10000","2025-04-02T08:08:16.012851Z","SubNetwork=Barcelona,SubNetwork=MSR_Barcelona,MeContext=MSR_B_VIA_JULIA_01,ManagedElement=MSR_B_VIA_JULIA_01,ENodeBFunction=1,EUtranCellFDD=VIA_JULIA_080262901_014","SubNetwork/SubNetwork/MeContext/ManagedElement/ENodeBFunction/EUtranCellFDD",""
"ericsson","GRCatalunya","BARCELONA","ATW-V 40704 VIA JULIA","802629","8","2629","8 2629 41 1","41","1","2.1793041","41.443672","932727","4600975","12a4bd192d","MSR_B_VIA_JULIA_01","MSR_B_VIA_JULIA_01","VIA_JULIA_080262901_020","80536","","214","7","8662","20","425","1301","","180","70","48.8","ASI4518R39v06_1800_7","0","6","21.8","1","1800","0","","IOT800-G900-U900-U2100-L800-L900-L1800-L2100-L2600-N700-N3500","BARCELONA","8026292","4","206172364","15.0082","20000","2025-04-02T08:08:16.012851Z","SubNetwork=Barcelona,SubNetwork=MSR_Barcelona,MeContext=MSR_B_VIA_JULIA_01,ManagedElement=MSR_B_VIA_JULIA_01,ENodeBFunction=1,EUtranCellFDD=VIA_JULIA_080262901_020","SubNetwork/SubNetwork/MeContext/ManagedElement/ENodeBFunction/EUtranCellFDD",""
"ericsson","GRCatalunya","BARCELONA","ATW-V 40704 VIA JULIA","802629","8","2629","8 2629 40 1","40","1","2.1793041","41.443672","932727","4600975","12a4bd192d","MSR_B_VIA_JULIA_01","MSR_B_VIA_JULIA_01","VIA_JULIA_080262901_021","80536","","214","7","8662","21","331","6400","","180","68","45.8","ASI4518R39v06_800_5","0","6","21.8","1","800","0","","IOT800-G900-U900-U2100-L800-L900-L1800-L2100-L2600-N700-N3500","BARCELONA","8026292","4","206172374","15.0185","10000","2025-04-02T08:08:16.012851Z","SubNetwork=Barcelona,SubNetwork=MSR_Barcelona,MeContext=MSR_B_VIA_JULIA_01,ManagedElement=MSR_B_VIA_JULIA_01,ENodeBFunction=1,EUtranCellFDD=VIA_JULIA_080262901_021","SubNetwork/SubNetwork/MeContext/ManagedElement/ENodeBFunction/EUtranCellFDD",""
"ericsson","GRCatalunya","BARCELONA","ATW-V 40704 VIA JULIA","802629","8","2629","8 2629 42 1","42","1","2.1793041","41.443672","932727","4600975","12a4bd192d","MSR_B_VIA_JULIA_01","MSR_B_VIA_JULIA_01","VIA_JULIA_080262901_022","80536","","214","7","8662","22","34","2850","","180","58","48.8","ASI4518R39v06_2600_2","0","3.5","21.8","1","2600","0","","IOT800-G900-U900-U2100-L800-L900-L1800-L2100-L2600-N700-N3500","BARCELONA","8026292","4","206172384","15.0082","20000","2025-04-02T08:08:16.012851Z","SubNetwork=Barcelona,SubNetwork=MSR_Barcelona,MeContext=MSR_B_VIA_JULIA_01,ManagedElement=MSR_B_VIA_JULIA_01,ENodeBFunction=1,EUtranCellFDD=VIA_JULIA_080262901_022","SubNetwork/SubNetwork/MeContext/ManagedElement/ENodeBFunction/EUtranCellFDD",""
"ericsson","GRCatalunya","BARCELONA","ATW-V 40704 VIA JULIA","802629","8","2629","8 2629 43 1","43","1","2.1793041","41.443672","932727","4600975","12a4bd192d","MSR_B_VIA_JULIA_01","MSR_B_VIA_JULIA_01","VIA_JULIA_080262901_023","80536","","214","7","8662","23","169","3600","","180","66","45.8","ASI4518R39v06_900_5","0","6","22.36","1","900","0","","IOT800-G900-U900-U2100-L800-L900-L1800-L2100-L2600-N700-N3500","BARCELONA","8026292","4","206172394","15.0185","10000","2025-04-02T08:08:16.012851Z","SubNetwork=Barcelona,SubNetwork=MSR_Barcelona,MeContext=MSR_B_VIA_JULIA_01,ManagedElement=MSR_B_VIA_JULIA_01,ENodeBFunction=1,EUtranCellFDD=VIA_JULIA_080262901_023","SubNetwork/SubNetwork/MeContext/ManagedElement/ENodeBFunction/EUtranCellFDD",""
"ericsson","GRCatalunya","BARCELONA","ATW-V 40704 VIA JULIA","802629","8","2629","8 2629 44 1","44","1","2.1793041","41.443672","932727","4600975","12a4bd192d","MSR_B_VIA_JULIA_01","MSR_B_VIA_JULIA_01","VIA_JULIA_080262901_024","80536","","214","7","8662","24","29","550","","180","65","45.8","ASI4518R39v06_2100_7","0","6","21.8","1","2100","0","","IOT800-G900-U900-U2100-L800-L900-L1800-L2100-L2600-N700-N3500","BARCELONA","8026292","4","206172404","15.0185","10000","2025-04-02T08:08:16.012851Z","SubNetwork=Barcelona,SubNetwork=MSR_Barcelona,MeContext=MSR_B_VIA_JULIA_01,ManagedElement=MSR_B_VIA_JULIA_01,ENodeBFunction=1,EUtranCellFDD=VIA_JULIA_080262901_024","SubNetwork/SubNetwork/MeContext/ManagedElement/ENodeBFunction/EUtranCellFDD",""
"ericsson","GRCatalunya","BARCELONA","ATW-V 40704 VIA JULIA","802629","8","2629","8 2629 46 1","46","1","2.1793041","41.443672","932727","4600975","12a4bd192d","MSR_B_VIA_JULIA_01","MSR_B_VIA_JULIA_01","IOT_VIA_JULIA_080262901_016","80536","","214","7","8669","16","74","6400","","70","68","","ASI4518R39v06_800_10","0","5","21.8","1","800","0","","IOT800-G900-U900-U2100-L800-L900-L1800-L2100-L2600-N700-N3500","BARCELONA","8026291","4","206172324","","200","2025-04-02T08:08:16.012851Z","SubNetwork=Barcelona,SubNetwork=MSR_Barcelona,MeContext=MSR_B_VIA_JULIA_01,ManagedElement=MSR_B_VIA_JULIA_01,ENodeBFunction=1,NbIotCell=IOT_VIA_JULIA_080262901_016","SubNetwork/SubNetwork/MeContext/ManagedElement/ENodeBFunction/NbIotCell",""
"ericsson","GRCatalunya","BARCELONA","ATW-V 40704 VIA JULIA","802629","8","2629","8 2629 46 1","46","1","2.1793041","41.443672","932727","4600975","12a4bd192d","MSR_B_VIA_JULIA_01","MSR_B_VIA_JULIA_01","IOT_VIA_JULIA_080262901_026","80536","","214","7","8669","26","331","6400","","180","68","","ASI4518R39v06_800_5","0","6","21.8","1","800","0","","IOT800-G900-U900-U2100-L800-L900-L1800-L2100-L2600-N700-N3500","BARCELONA","8026292","4","206172424","","200","2025-04-02T08:08:16.012851Z","SubNetwork=Barcelona,SubNetwork=MSR_Barcelona,MeContext=MSR_B_VIA_JULIA_01,ManagedElement=MSR_B_VIA_JULIA_01,ENodeBFunction=1,NbIotCell=IOT_VIA_JULIA_080262901_026","SubNetwork/SubNetwork/MeContext/ManagedElement/ENodeBFunction/NbIotCell",""